"";"F1A17";"F1F18";"F1A18";"F2A17";"F2F18";"F2A18";"F3A17";"F3F18";"F3A18";"F4A17";"F4F18";"F4A18"
"ATTCCAGCTCCAATAGCGTATATTAAAGTTGTTGCAGTTAGAACGCTCGTAGTCGGATTTCGGGGCGGGCCGACCGGTCTGCCGATGGGTACGCACTGGTCGGCGCGTCCTTCCTTCCGGAGACCGTGCCTACTCTTAACTGAGCGGGGGCGGGAGACGGATCGTTTACTTTGAAAAAATCAGAGTGTTTCAAGCAGGCAGCTCGCTCTTGCATGGATTAGCATGGGATAATGAAATAGGACTTTGGTGCTATTTTGTTGGTTTCGAACACCGAAGTAATGATTAAAAGGGACAGTCAGGGGCACTCGTATTCCGCCGAGAGAGGTGAAATTCTCAGACCAGCGGAAGACGAACTACTGCGAAAGCATTTGCCAGGGATGTTTTCATCA";46;0;0;95;0;0;0;0;0;0;0;0
"ATTCCAGCTCCAATAGCGTATACTAAAGTTGTTGCAGTTAAAAAGCTCGTAGTTGGATTTCTGGTCGAGGCAGCCGGTCGGCATCAAGTATGTTTGTACATGGCGCTTCGTCCATTTTTGTAGAAGCTGCGTCTGTCATTCACTTGTCGGGCGTAGGGTCTGCATCATTTACTGTGAGCAAAATAGAGTGTTCAAAGCAGGCTTAGGCCATGAATACATTAGCATGGAATAATAAGATAAGACCTTGGTCTATTTTGTTGGTTAGCATTCCGGGGTAATGATTAATAGGGATAGTTGGGGGTATTCGTATTCAAATGTCAGAGGTGAAATTCTTGGATTTTTTGAAGACGAACTACTGCGAAAGCATTTACCAAGGATGTTTTCATCG";0;0;0;0;0;36;0;0;13;0;63;27
"ATTCCAGCTCCAATAGCGTATACTAAAGTTGTTGCAGTTAAAAAGCTCGTAGTTGTATTTCTGGTCGCGGATGCCGGTCCGCCTCTAACGAGGTGCGTACCTGGCGTCTGTGTCCATCCTCGGGGAGAGCATGTCTGGCATTCAGTTGTCGGGCTTGGGATCCTCGTCATTTACTGTGAGCAAAATAGAGTGTTCAAAGCAGGCTTAGGCCGTTGAATACATTAGCATGGAATAATAAGATAGGACCTCGGTCTATTTTGTTGGTTTACATTCCGAGGTAATGATTAATAGGGATAGTTGGGGGTATTCGTATTCAATTGTCAGAGGTGAAATTCTTGGATTTATGGAAGACGAACAACTGCGAAAGCATTTACCAAGGATGTTTTCATCA";0;0;0;0;0;0;0;79;0;0;40;0
"ATTCCAGCTCCAATAGCGTATACTAAAGTTGTTGCAGTTAAAAAGCTCGTAGTCGAATGATGATTCTTTTGTTGGCGCGGACGCTTAGGTGTAACTTAAGACTGTCTGTGCCCAAGAATCACCTTGGTGTGGTACGAATTTAGTAGAAATATTCTACTATTATTCGCCACACACATTACTGTGAACAAAATAGAGTGTTCATGGCAGGCCATTAAGGCTTGAATACCTCAGCATGGAATAATAGAATAGGACTTCCGGTTCTATTTTGTTGGTTTTTGGAGCCGAAGTAATGATTAATAGGGATAGTTGGGGGCACTCGTACTCCGTTGTCAGAGGTGAAATTCTAGGATTGACGGAAGACGAACAACTGCGAAAGCATCTGCCAAGGATGTTTTCATTA";91;0;0;0;0;0;0;0;0;0;0;0
"ATTCCAGCTCCAATAGCGTATATTTAAGTTGTTGCAGTTAAAAAGCTCGTAGTTGGATTTCGGGTGAATGCGACCGGTCCGTCGTTACGATGTGTACTGGTTGCGTCCATCTTGTTGTCGGGGACGCGCTCCTGGCCTTAACTGGCTGGGACGCGGAGTCGGCGAAGTTACTTTGAAAAAATTAGAGTGTTCAAAGCAGGCCTACGCTCTGAATACATTAGCATGGAATAACGCGATAGGACTCTGGTCTTATTGTGTTGGTCTTCGAGACCGGAGTAATGATTAAGAGGGACAGTTGGGGGCATTCGTATTTCATTGTCAGAGGTGAAATTCTTGGATTTATGAAAGACGAACTTCTGCGAAAGCATTTGCCAAGGATGTTTTCATTA";69;0;0;0;0;0;0;0;0;0;0;0
"ATTCCAGCTCCAATAGCGTATTCTAAAGTTGTTGCAGTTAAAAAGCTCGTAGTTGGATTTCTGTTTTGGAGAATGGGTCGTGCCTAAACAGGTTCTGTACTTTTTTCTCCGGAACATCCTCGGAGTGAGCGTGTCTGCAATTCATTTTGTGGGCTCGGGACCTTCGTCATTTACTGTGAGCAAAATAGAGTGTTCAAAGCAGGCTTACGCCTTGAATATACTAGCATGGAATAATAAGATAGGACTTTGGTCTATTTTGTTGGTTTACTTTCCAAAGTAATGATTAATAGGGATAGTTGGGGGTATTCGTATTCAATTGTCAGAGGTGAAATTCTTGGATTTATGGAAGACGAACTACTGCGAAAGCATTTACCAAGGATGTTTTCATTA";17;0;0;0;0;0;0;0;0;0;50;0
"ATTCCAGCTCCAATAGCGTATATTAAAGTTGTTGCAGTTAAAAAGCTCGTAGTTGGATTTCTGGTGGGCCCGACCGGTCCGCCCCGAGAGGGGTGAGCACTGGCGTCGTGGTCCGCCATCCTTGGGGAGAGCGCGCCTGGCATTCATTTGTCGGGTGTGGGATCCCCATCGTTTACTGTGAGAAAATTAGAGTGTTCAAAGCAGGCTTACGCCCTGAATACATTAGCATGGAATAATAGTCGAGGCTCTTGGTCTGACTTGTTGGTTTGCAGCCCGAGAGAATGATTCAATAGGGATAGTTGGGGGTATTCGTATTCAATTGTCAGAGGTGAAATTCTTGGATTTATGGAAGACGAACTACTGCGAAAGCATTTACCAAGGATGTTTTCATCG";0;0;0;62;0;0;0;0;0;0;0;0
"ATTCCAGCTCCAATAGCGTATATTAAAGTTGTTGCAGTTAAAAAGCTCGTAGTTGGATTTCTGGTGGGCGCGACCGGTCCGCCCCGAAAGGGGTGAGCACTGGCGTCGCCGTCCGCCATCCTTGGGGAGAGCGCGTCTGGCATTCAGTTGTCGGGCGTGGGATCCCCATCGTTTACTGTGAGAAAATCAGAGTGTTCAAAGCAGGCTTACGCCTTGAATACATTAGCATGGAATAATAGTCGAGGCTCTTGGTCTGACTTGTTGGTTTGCAGCCCGAGAGAATGATTCAATAGGGATAGTTGGGGGTATTCGTATTCAATTGTCAGAGGTGAAATTCTTGGATTTATGGAAGACGAACTACTGCGAAAGCATTTACCAAGGATGTTTTCATCA";0;0;0;47;0;0;0;0;0;15;0;0
"ATTCCAGCTCCAATAGCGTATATTAAAGTTGTTGCAGTTAGAACGCTCGTAGTCGGATTTCGGGGCGGGCCGACCGGTCTGCCGATGGGTACGCACTGGTCGGCGCGTCCTTCCTTCCGGAGACCGTGCCTACTCTTAACTGAGCGGGGGCGGGAGACGGATCGTTTACTTTGAAAAAATCAGAGTGTTTCAAGCAGGCAGCTCGCTCTTGCATGGATTAGCATGGGATAATGAAATAGGACTTTGGTGCTATTTTGTTGGTTTCGAACACCGAAGTAATGATTAAAAGGGACAGTCAGGGGCACTCGTATTCCGCCGAGAGAGGTGAAATTCTCAGACCAGCGGAAGACGAACTACTGCGAAAGCATTTGCCAGGGATGTTTTCATCG";59;0;0;0;0;0;0;0;0;0;0;0
"ATTCCAGCTCCAATAGCGTATACTAAAGTTGTTGCAGTTAAAAAGCTCGTAGTTGAATTTCTGGATGTGAAAGGTGGTCGGCACCTCACGGTGTCTGTACTTATCATTCGCGTCCATCCTCGGGAGGAACATGTGGACACTTAAGTGGGTCTGCTTGGGAATCTCGTCATTTACTGTGAGCAAAATAGAGTGTTCAAAGCAGGCTTATGCCGTTGAATATATTAGCATGGAATAATAAGATATGACTTTGGTCTATTTTGTTGGTTTACATTCCAAAGTAATGATTAATAGGGATAGTTGGGGGTATTCGTATTCAATTGTCAGAGGTGAAATTCTTGGATTTATGGAAGACGAACTACTGCGAAAGCATTTACCAAGGATGTTTTCATCA";0;0;0;0;0;0;0;57;0;0;0;0
"ATTCCAGCTCCAATAGCGTATATTAAAGTTGTTGCAGTTAAAAAGCTCGTAGTTGGATTTCTGGTGTGAGCGTCTTGCCGGCCCAAACGGGTCTGTGCAGGCACGCCTCTCGCCATCCTTGCGTCTAACTTGTCTGGCATTAAGTTGTCGGGCTTGGGAAGCGCATCGTTTACTGTGAAAAAATTAGAGTGTTCAAAGCAGGCTTACGCCGTTGAATACATTAGCATGGAATAATAAGATAGGACCTTGGTGCTATTTTGTTGGTTTGCGTACCGAGGTAATGATTAATAGGGACAGTTGGGGGTATTTGTATTCCATTGTCAGAGGTGAAATTCTTGGATTTATGGAAGACAAACTACTGCGAAAGCATTTACCAAGGATGTTTTCATTA";0;0;0;53;0;0;0;0;0;0;0;0
"ATTCCAGCTCCAATAGCGTATATTAAAGTTGTTGCAGTTAAAACGCTCGTAGTCGGATTTCGGGGCGTGGTCGCCGGTCTGCCGATGGGTATGCACTGGTGCTCGCGTCCTTCCTTCCGGAGACCGTGCCTACTCTTAACTGAGCGGGTGCGGGAGACGGATTGTTTACTTTGAAAAAATCAGAGTGTTTCAAGCAGGCAGCTCGCTCTTGCATGGATTAGCATGGGATAATGAAATAGGACTTTGGTGCTATTTTGTTGGTTTCGAACACCGAAGTAATGATTAACAGGGACAGTCAGGGGCACTCGTATTCCGCCGAGAGAGGTGAAATTCTCAGACCAGCGGAAGACGAACCACTGCGAAAGCATTTGCCAGGGATGTTTTCATCA";0;0;0;0;8;0;0;18;0;0;23;0
"ATTCCAGCTCCAATAGCGTATATTAAAGTTGTTGCAGTTAAAAAGCTCGTAGTTGGATTTCTGGTGGGAGCGTTGGGCCGGCCCTAAGGGTCTGTGCTCAAATGTTTTCCGCCATCCTTGAGTGGAACTTTTCTGGCATTCAGTTGTCGGGATTGCTAAACTCATCATTTACTGTGAAAAAATTAGAGTGTTCAAAGCAGGCTTATGCCGTTGAATACATTAGCATGGAATAATAAGATAGGACCCTGGTACTATTTTGTTGGTTTGCGTACCTAGGTAATGATTAATAGGGACAGTTGGGGGTATTTATATTCCGTTGTCAGAGGTGAAATTCTTGGATTTACGGAAGATAAACTACTGCGAAAGCATTTACCAAGGATGTTTTCATTG";45;0;0;0;0;0;0;0;0;0;0;0
"ATTCCAGCTCCAATAGCGTATATTAAAGTTGTTGCAGTTAAAAAGCTCGTAGTTGGATTTCTGGTGGGCGCGACCGGTCCGCCCCGCGAGGGGTGAGCACTGGCGTCGCCGTCCGCCATCCTTGGGGAGAGCGCGCCTGGCATTCATTTGTCGGGCGTGGGATCCCCATCGTTTACTGTGAGAAAATTAGAGTGTTCAAAGCAGGCTTACGCCTTGAATACATTAGCATGGAATAATAGTCGAGGCTCTTGGTCTGACTTGTTGGTTTGCAGCCCGAGAGAATGATTCAATAGGGATAGTTGGGGGTATTCGTATTCAATTGTCAGAGGTGAAATTCTTGGATTTATGGAAGACGAACTACTGCGAAAGCATTTACCAAGGATGTTTTCATCA";0;0;0;43;0;0;0;0;0;0;0;0
"ATTCCAGCTCCAATAGCGTATACTAAAGTTGTTGCAGTTAAAAAGCTCGTAGTCGAATGTAGGTTTAGTTATTATGCGGTCTCTCAGGTGTTACTTGAGTGGATTGCGTATAACGACCTTCCTTGATATAATAACAGTTATGTTTGAAATTCAAATGTAATGGTTATTATATCCATTACTGTGAACAAAATAGAGTGTTCATGGCAGGCCAATTTAGGCTTGGATACCTCAGCATGGAATAATAGAATAGGACTTCTGGTTCTATTTTGTTGGTTTTTGGAGCCGAAGTAATGATTAATAGGGATAGTTGGGGGCACTCGTACTCCGTTGTCAGAGGTGAAATTCTTGGATTGACGGAAGACGAACAACTGCGAAAGCATCTGCCAAGGATGTTTTCATTG";37;0;0;0;0;0;0;0;0;0;0;0
"ATTCCAGCTCTAATAGCGTATATTAATGTTGTTGCAGTTAAAAAGCTCGTAGTTGGATTTTGGTGTTCGACAAATGGTCTGCTTCGGTTTGTACTGTTTGTTGGCGCTTCTTTTCTGGGGAACTCACTGCTCTTAACTGAGGGGTGTTGTAACGCAGATCGTTTACTTTGAAAAAATTAGAGTGTTCAAAGCAGGCCAACGCATTTTGAATACATTAGCATGGAATAATGGAATAGGACTTTGGTCTTATTTTGTTGGTTTCTAAGGCCGAGGTAATGATTAATAGGGATAGTTGGGGGCGTTTATATTCCGTTGTCAGAGGTGAAATTCTTGGATTTACGGAAGATAAACTACTGCGAAAGCATTCGCCAAGGATGTTTTCATTA";0;0;37;0;0;0;0;0;0;0;0;0
"ATTCCAGCTCCAATAGCGTATATTAAAGTTGTTGCAGTTAAAAAGCTCGTAGTTGGATTTCTGGTGGGGCTGTCGGCCTGGCTCCGAAAGGGGTCGTGGTTAGCACACGCCTGGCCATCCTCGGGGGAAGCTTTGCTGGCATTAAGTTGTCGGCGGAGTGACGCTCGTCGTTTACTGTGAACAAATTAGAGTGTTCAAAGCAGGCTTAGGCCGTTGAATACATTAGCATGGAATAATGAGATAGGACTTTGGTGGTCTATTTTGTTGGTTTGCACGCCGAAGTAATGATTAATAGGGGCGGTTGGGGGTATTCGTATTCAATTGTCAGAGGTGAAATTCTTGGATTTATGGAAGACGAACTACTGCGAAAGCATTTACCAAGGATGTTTTCATCA";0;0;37;0;0;0;0;0;0;0;0;0
"ATTCCAGCTCCAATAGCGTATACTAAAGTTGTTGCAGTTAAAAAGCTCGTAGTTGAATTTCTAGGTGTGAAAGGCGGTCCTGCCTTCAGGGTTGTGTACCTCCCTTTCACGCCTATCCTCGTAGTGAACATGTATTCTTTTAATTAAGCGTATATGGGACCTGCGTCATTTACTGTGAGCAAAATAGAGTGTTCAAAGCAGGCTTATGCCGTTGAATATATTAGCATGGAATAATAAGATATGACTTCTGTCTTTCTTGTTGGTTTGTATTCGGAAGTAATGATTAATAGGGATAGTTGGGGGTATTCGTATTCAATTGTCAGAGGTGAAATTCTTAGATTTATGGAAGACGAACTACTGCGAAAGCATTTACCAAGGATGTTTTCATCA";0;0;0;0;0;0;0;0;0;0;35;0
"ATTCCAGCTCCAATAGCGTATATTAAAGTTGTTGCAGTTAAAAAGCTCGTAGTTGGATTTCTGGTGAGATATCTTTAGCCTGACCGAGAGGTCTTGTTTGATGATTATTTCGCCCTTCTTGTCAAGAACCTTTTGATCTTCATTGGTCGAAAGTGGACTGGCATCTTTTACTGTGAAAAAATTAGAGTGTTCAAAGCAGGCATCGCCGTTGAATACATTAGCATGGAATAATAAGATAGGACTTTGGTGGTCTATTTTGTTGGTTTGCACGCCAAAGTAATGATTAATAGGGATAGTTGGGGGTATTCGTATTCTATTGCTAGAGGTGAAATTCTTAAATTTATGGAAGACGAACTACTGCGAAAGCATTTACCAAGGATGTTTTCATTG";0;0;29;0;0;0;0;0;0;0;0;0
"ATTCCAGCTCCAATAGCGTATATTAAAGTTGTTGCAGTTAAAAAGCTCGTAGTCGGATTTCAGGGCGGGGCGACCGGTCTGCCGATGGGTATGCACTGGTCGGCGCGTCCTTGCTTCTGGAGACCGTGCCTACTCTTAACTGAGCGGGGACGGGAAACAGATCGTTTACTTTGAAAAAATCAGAGTGTTTAAAGCAGGCCAAGATTGCTCTTGCATGGATTAGCATGGGATAATGAAATAGGACTTTGGTGCTATTTTGTTGGTTTCGAACACCGAAGTAATGATTAATAGGGATAGTCAGGGGCACTCGTATTCCGTCGAGAGAGGTGAAATTCTCAGACCAATGGAAGACGAACTACTGCGAAAGCATTTGCCAGGGATGTTTTCATTA";0;0;0;0;0;0;0;17;0;0;11;0
"ATTCCAGCTCCAATAGCATATGTTAATGTTGCTGCAGTTAAAAAGCTCGTAGTTGGATTTCTGTTTTGAAGAATGGGTCGTGCCTAAACAGGTTCTGTACTTTTTTCTTCGGAACATCCTCGAAGTGAGCGTGTCTGGCATTTAGTTGTTGGGCTCGGGACCTTCGTCATTTACTGTGAGCAAAATAGAGTGTTCAAAGCAGGCTTAGGCCATGAATATATTAGCATGGAATAATAAGATAGGACCTTGGTCTATTTTGTTGGTTTACATTCCAGGGTAATGATTAATAGGGATAGTTGGGGCTCCTCGTATTCAATTGTCAGAGGTGAAATTCTTGGATTTATTGAGGACGAACTACTGCGAAAGCATCGAGCAAGGATGTTTTCATTA";0;0;0;0;0;0;0;27;0;0;0;0
"ATTCCAGCTCCAATAGCGTATATTAAAGTTGTTGCAGTTAGAACGCTCGTAGTCGGATTTCGGGGCGGGCCGACCGGTCTGCCGATGGGTACGCACTGGTCGGCGCGTCCTTCCTTCCGGAGACTGTGCCTACTCTTAACTGAGCGGGGGCAGGAGACGGATCGTTTACTTTGAAAAAATCAGAGTGTTTCAAGCAGGCAGCTCGCTCTTGCATGGATTAGCATGGGATAATGAAATAGGACTTTGGTGCTATTTTGTTGGTTTCGAACACCGAAGTAATGATTAAAAGGGACAGTCAGGGGCACTCGTATTCCGCCGAGAGAGGTGAAATTCTCAGACCAGCGGAAGACGAACTACTGCGAAAGCATTTGCCAGGGATGTTTTCATCA";13;0;0;13;0;0;0;0;0;0;0;0
"ATTCCAGCTCCAATAGCGTATATTAAAGTTGTTGCAGTTAAAAAGCTCGTAGTTGGATTTCTGGTGGGCGCGACCGGTCCGCCCCGAAAGGGGTGAGCACTGGCGTCGCCGTCCGCCATCCTTGGGGAGAGCGCGTCTGGCATTCAGTTGTCGGGCGTGGGATCCCCATCGTTTACTGTGAGAAAATCAGAGTGTTCAAAGCAGGCTTACGCCTTGAATACATTAGCATGGAATAATAGTCGAGGCTCTTGGTCTGACTTGTTGGTTTGCAGCCCGAGAGAATGATTCAATAGGGATAGTTGGGGGTATTCGTATTCAATTGTCAGAGGTGAAATTCTTGGATTTATGGAAGACGAACTACTGCGAAAGCATTTACCAAGGATGTTTTCATCG";11;0;0;0;0;0;15;0;0;0;0;0
"ATTCCAGCTCCAATAGCGTATATTAAAGTTGTTGCAGTTAAAAAGCTCGTAGTTGGATTTGTGGCGTCCCTTGAGGTCCAATTTTGGTACTATTGAGGGATGCCATCCTTGGGTGGAACCTGTGTGGCATTAGGTTGTCGTGCAGGGGATGCCCATCTTTTACTGTGAAAAAATTAGAGTGTTCAAAGCAGGCTTATGCCGTTGAATATATTAGCATGGAATAATGAGATAGGACCTTGGTCTATTTTGTTGGTTAGTTTACCGAGGTAATGATTAATAGGGACAGTTGGGGGTATTCGTATTCCATTGTCAGAGGTGAAATTCTTGGATTTCTGGAAGACGAACTACTGCGAAAGCATTTACCAAGGATGTTTTCATTG";0;6;0;0;0;0;0;0;0;0;0;20
"ATTCCAGCTCCAATAGCGTATATTAATGTTGTTGCAGTTAAAAAGCTCGTAGTTGGATTTCTGGTCGGGACGTCTGGCCGACTCCGCAAGGGGTCGTTGCATTGACTGTACTCGTCCATCCTCAGGTTGACTAGCTCTGGTATTCATTTATCGGTGTTAGAACGCCTGTCGTTTACTGTGAACAAATTAGAGTGTTCAAAGCAAGGTGTACTTGAATACATTAGCATGGAATAATAAGATAGGACTTTGGTGGTTCTTTTTGATATTTTGTTGGTTTGCACGCCAAAGTAATGATTAATAGGAGCAGTTGGGGGTATTCGTATTCAATTGTCAGAGGTGAAATTCTTGGATTTATAGAAGACGAACTACTGCGAAAGCATTTACCAAGGATGTTTTCATCG";0;5;0;0;0;0;0;21;0;0;0;0
"ATTCCAGCTCCAATAGCGTATACTAAAGTTGTTGCAGTTAAAAAGCTCGTAGTTGAATTTCTGGTCTTGGACGGCGGTCTACCACAATTGTGGTACGTACCAACTGTCCGAGTCCATCCTCGGGGAAAACATGCCTGTGATTCAGTTCATGGGTATGGGATCCTCGTCATTTACTGTGAGCAAAATAGAGTGTTCAAAGCAGGCTTATGCCGTTGAATACATTAGCATGGAATAATAAGATAAGACCTTGGTCTATTTTGTTGGTTTGTACTCCAAGGTAATGATTAATAGGGATAGTTGGGGGTATTCGTATTCAATTGTCAGAGGTGAAATTCTTGGATTTATGGAAGACGAACTACTGCGAAAGCATTTACCAAGGATGTTTTCATCA";0;0;0;26;0;0;0;0;0;0;0;0
"ATTCCAGCTCCAATAGCGTATATTAAAGTTGTTGCAGTTAAAAAGCTCGTAGTTGGATTTCTGGCAGGAGTGACCGGTCACGCACTCTGTGCGTGAACTTGTGTTGTCTCTGGCCATCCTTGGGGAGATCCTGTTTGGCATTAAGTTGTCGGGCAGGGGATACCCATCGTTTACTGTGAAAAAATTAGAGTGTTTAAAGCAGGCTTATGCCGTTGAATATATTAGCATGGAATAATAAGATAGGACTTCGGAACTATTTTGTTGGTTTGCGTTACGAAGTAATGATTAAAAGGGATAGTTGGGGGTATTCGTATTCAGCTGTCAGAGGTGAAATTCTTGGATTTTCTGAAGACGAACTACTGCGAAAGCATTTACCAAGGATGTTTTCATTG";0;0;0;0;26;0;0;0;0;0;0;0
"ATTCCAGCTCCAATAGCATATGTTAATGTTGCTGCAGTTAAAAAGCTCGTAGTTGGATTTCTGTTTTGAAGAATGGGTCGTGCCTAAACAGGTTCTGTACTTTTTTCTTCGGAACATCCTCGAAGTGAGCGTGTCTGGCATTTAGTTGTTGGGCTCGGGACCTTCGTCATTTACTGTGAGCAAAATAGAGTGTTCAAAGCAGGCTTAGGCCATGAATATATTAGCATGGAATAATAAGATAGGACCTTGGTCTATTTTGTTGGTTTACATTCCAGGGTAATGATTAATAGGGATAGTTGGGGCTCCTCGTATTCAATTGTCAGAGGTGAAATTCTTGGATTTATTGAGGACGAACTACTGCGAAAGCATCGAGCAAGGATGTTTTCATCG";0;0;0;0;0;0;0;0;0;0;26;0
"ATTCCAGCTCCAACAGCGTATATTAAAGTTGTTGCAGTTAAAACGCTCGTAGTCGGATTTCGGGGCGGGCGGGCCGGTCTGCCGATGGGTATGCACTGGTCTGGCCGTCCTTCCTTCCGGAGACCGTGCGTGCTCTTAACTGAGTGCGCTCGGGAGACGGATCGTTTACTTTGAAAAAATCAGAGTGTTTCAAGCAGGCAGCTCGCTCTTGCATGGATTAGCATGGGATAATGAAATAGGACTTTGGTGCTATTTTGTTGGTTTCGAACACCGAAGTAATGATTAACAGGGACAGTCAGGGGCACTCGTATTCCGCCGAGAGAGGTGAAATTCTCAGACCAGCGGAAGACGAACCACTGCGAAAGCATTTGCCAGGGATGTTTTCATCA";12;0;0;0;0;0;0;4;0;0;9;0
"ATTCCAGCTCCAATAGCGTATATTAAAGTTGTTGCAGTTAAAAAGCTCGTAGTTGGATTTCTGGTGGGAGCGTTGGGCCGGCCCTAAGGGTCTGAGCTCAAATGTTTTCCGCCATCCTTGGAGGGATGTTGTCTGGCATTAAGTTGTCGGGCTTCCGATCTCCATCGTTTACTGTGAAAAAATTAGAGTGTTCAAAGCAGGCTTATGCCGTTGAATACATTAGCATGGAATAATAAGATAGGACCCTGGTACTATTTTGTTGGTTTGCGTACCTAGGTAATGATTAATAGGGACAGTTGGGGATATTACTATTTCGTTGTCAGAGGTGAAATTCTTGGATTTACGAAAGAGTAACTACTGCGAAAGCATTTATCAAGGATGTTTTCATTA";0;0;0;0;0;0;23;0;0;0;0;0
"ATTCCAGCTCCAATAGCGTATACTAAAGTTGTTGCAGTTAAAAAGCTCGTAGTTGTATTTCTGGTCGCGGATGCCGGTCCGCCTCTAACGAGGTGCGTACCTGGCGTCTGTGTCCATCCTCGGGGAGAGCATGTCTGGCATTTGGTTGTCGGGCTTGGGATCCTCGTCATTTACTGTGAGCAAAATAGAGTGTTCAAAGCAGGCTTAGGCCGTTGAATACATTAGCATGGAATAATAAGATAGGACCTCGGTCTATTTTGTTGGTTTACATTCCGAGGTAATGATTAATAGGGATAGTTGGGGGTATTCGTATTCAATTGTCAGAGGTGAAATTCTTGGATTTATGGAAGACGAACAACTGCGAAAGCATTTACCAAGGATGTTTTCATCA";0;0;0;0;0;0;0;23;0;0;0;0
"ATTCCAGCTCCAATAGCGTATATTTAAGTTGTTGCAGTTAAAAAGCTCGTAGTTGGATTTCGGGCACGGACGACCGGTCCGCCGTTTCGGTGTGCACTGGTCGGCTTTGTCTTTCTGCCGGGGACGCGCTCTGGACTTAATTGGCTGGACGCGGAGTCGGCAACGTTACTTTGAAAAAATTAGAGTGTTCAAGGCAGGCTTACGCTCTGAATACTATAGCATGGAATAACACGATAGGACTCCGAGCCTATTTTGTTGGTCTTCGGGACCGGAGTAATGATTAAGAGGGACAGTTGGGGGCATTCGTATTACGTTGTCAGAGGTGAAATTCTTGGATTTACGTAAGACGAACTTCTGCGAAAGCATTTGCCAAGGATGTTTTCATCG";0;0;0;0;0;0;0;0;0;0;22;0
"ATTCCAGCTCCAATAGCGTATACTAAAGTTGTTGCAGTTAAAAAGCTCGTAGTTGGATTTCTGGTCGAGGCAGCCGGTCGGCACCAAGTGTGTTTGTACCAGGCGCCTCGTCCATTTTTGTAGAAGCTGTGTCTGTCATTCAGTTGTCGGGCATAGGGTCTGCATCATTTACTGTGAGCAAAATAGAGTGTTCAAAGCAGGCTTAGGCCATGAATACATTAGCATGGAATAATAAGATAAGACCTTGGTCTATTTTGTTGGTTAGCATTCCGAGGTAATGATTAATAGGGATAGTTGGGGGTATTCGTATTCAATTGTCAGAGGTGAAATTCTTGGATTTATTGAAGACGAACTACTGCGAAAGCATTTACCAAGGATGTTTTCATCA";0;0;0;0;0;0;0;0;0;0;0;22
"ATTCCAGCTCCAATAGCGTATATTAAAGTTGTTGCAGTTAAAAAGCTCGTAGTTGGATTTCTGGTGTGAGCGTCTTGCCGGCCCAAACGGGTCTGTGCAGGCACGCCTCTCGCCATCCTTGCGTCTAACTTGTCTGGCATTAAGTTGTCGGGCTTGGGAAGCGCATCGTTTACTGTGAAAAAATTAGAGTGTTCAAAGCAGGCTTACGCCGTTGAATACATTAGCATGGAATAATAAGATAGGACCTTGGTGCTATTTTGTTGGTTTGCGTACCGAGGTAATGATTAATAGGGACAGTTGGGGGTATTTGTATTCCATTGTCAGAGGTGAAATTCTTGGATTTATGGAAGACAAACTACTGCGAAAGCATTTACCAAGGATGTTTTCATCA";21;0;0;0;0;0;0;0;0;0;0;0
"ATTCCAGCTCCAATAGCGTATACTAAAGTTGTTGCAGTTAAAAAGCTCGTAGTTGAATTTCTGGTCGTGGCGACCGGTCCGCCCCTCACGGGGTGTGCACCTGGTCTCTGCGTCCATCCTCGGGGAGAGCGCGTCTGGCATTCAGTTGTCGGGCGCGGGATCCTCGTCATTTACTGTGAGCAAAATAGAGTGTTCAAAGCAGGCTTAGGCCGTTGAATACATTAGCATGGAATAATAAGATAGGACCTTGGTCTATTTTGTTGGTTTGCGTTCCAAGGTAATGATTAATAGGGATAGTTGGGGGTATTCGTATTCAATTGTCAGAGGTGAAATTCTTGGATTTATGGAAGACGAACTACTGCGAAAGCATTTACCAAGGATGTTTTCATCG";0;21;0;0;0;0;0;0;0;0;0;0
"ATTCCAGCTCCAATAGCGTATATTTAAGTTGTTGCAGTTAAAAAGCTCGTAGTTGGATTTCGGGTGCGGCAGGCCGGTCCGCCGTTTCGGTGTGCACTGGCAGGCGGCATCTTTCTGTCGAGGACGCGCGCCTGGCCTTCACTGGTCGGGCCGCGGAGTCGGCGCGGTTACTTTGAAAAAATTAGAGTGTTCAAAGCGGGCCTACGCTTGAATATATTAGCATGGAATAACACCATAGGACTCCTGTCCTATTCTGTTGGTCTTCGGGATGGGAGTAATGATTAAGAGGAACAGTTGGGGGCATTCGTATTTCATTGTCAGAGGTGAAATTCTTGGATTTATGAAAGACGAACTTCTGCGAAAGCATTTGCCAAGGATGTTTTCATTA";0;0;0;20;0;0;0;0;0;0;0;0
"ATTCCAGCTCCAATAGCGTATATTAAAGTTGTTGCAGTTAAAAAGCTCGTAGTTGGATTTCTGGTGAGATATCTTTAGCCTGACCGAGAGGTCTTGTTTGATGATTATTTCGCCCTTCTTGTCAAGAACCTTTTGATCTTCATTGGTCGAAAGTGGACTGGCATCTTTTACTGTGAAAAAATTAGAGTGTTCAAAGCAGGCATCGCCGTTGAATACATTAGCATGGAATAATAAGATAGGACTTTGGTGGTCTATTTTGTTGGTTTGCACGCCAAAGTAATGATTAATAGGGATAGTTGGGGGTATTCGTATTCTATTGCTAGAGGTGAAATTCTTAAATTTATGGAAGACGAACTACTGCGAAAGCATTTACCAAGGATGTTTTCATCA";0;0;0;0;0;0;0;0;20;0;0;0
"ATTCCAGCTCCAATAGCGTATATTAAAGTTGTTGCAGTTAAAAAGCTCGTAGTTGGATTTCTGGCAGGAGTGACCGGTCACGCACTCTGTGCGTGAACTTGTGTTGTCTCTGGCCATCCTTGGGGAGATCCTGTTTGGCATTAAGTTGTCGGGCAGGGGATACCCATCGTTTACTGTGAAAAAATTAGAGTGTTTAAAGCAGGCTTATGCCGTTGAATATATTAGCATGGAATAATAAGATAGGACTTCGGAACTATTTTGTTGGTTTGCGTTACGAAGTAATGATTAAAAGGGATAGTTGGGGGTATTCGTATTCAGCTGTCAGAGGTGAAATTCTTGGATTTTCTGAAGACGAACTACTGCGAAAGCATTTACCAAGGATGTTTTCATTA";19;0;0;0;0;0;0;0;0;0;0;0
"ATTCCAGCTCCAATAGCGTATACTAAAGTTGTTGCAGTTAAAAAGCTCGTAGTTGAATTTCTGGTCTTGGACGGCGGTCTACCACAATTGTGGTACGTACCAACTGTCCGAGTCCATCCTCGGGGAAAACATGCCTGTGATTCAGTTCATGGGTATGGGATCCTCGTCATTTACTGTGAGCAAAATAGAGTGTTCAAAGCAGGCTTATGCCGTTGAATACATTAGCATGGAATAATAAGATAAGACCTTGGTCTATTTTGTTGGTTTGTACTCCAAGGTAATGATTAATAGGGATAGTTGGGGGTATTCGTATTCAATTGTCAGAGGTGAAATTCTTGGATTTATGGAAGACGAACTACTGCGAAAGCATTTACCAAGGATGTTTTCATCG";19;0;0;0;0;0;0;0;0;0;0;0
"ATTCCAGCTCCAATAGCGTATACTAAAGTTGTTGCAGTTAAAAAGCTCGTAGTTGAATTTCTAGGTGTAAAAGGCGGTCCTGCCTTCAGGGTTGTGTACCTCCCTTTTACGCCTATCCTCGTAGTGAACATGTATTCTTTTTATTAAGCGTATATGGGACCTGCGTCATTTACTGTGAGCAAAATAGAGTGTTCAAAGCAGGCTTTATGCCGTTGAATATATTAGCATGGAATAATAAGATATGACTTCTGTCTTTCTTGTTGGTTTGTATTCGGAAGTAATGATTAATAGGGATAGTTGGGGGTATTCGTATTCAATTGTCAGAGGTGAAATTCTTAGATTTATGGAAGACGAACTACTGCGAAAGCATTTACCAAGGATGTTTTCATTG";0;0;0;0;19;0;0;0;0;0;0;0
"ATTCCAGCTCCAATAGCGTATACTAAAGTTGTTGCAGTTAAAAAGCTCGTAGTTGGATTTCTGGTCGTGGAAATCGGTCCGCTCCTCACGGAGTGTGCACCAGATTTCTGCATCCATCTTCGGAGAAAACATATCTGGCATTAAGTTGTCGGGTGTGAGATCTTCGTCATTTACTGTGAGCAAAATAGAGTGTTCAAAGCAGGCTTAGGCCGTTGAATACATTAGCATGGAATAATAAGATAGGACCTTGGTCTATTTTGTTGGTTTGCATTCCAAGGTAATGATTAATAGGGATAGTTGGGGGTATTCGTATTCAATTGTCAGAGGTGAAATTCTTGGATTTATGGAAGACGAACTACTGCGAAAGCATTTACCAAGGATGTTTTCATCA";0;0;0;18;0;0;0;0;0;0;0;0
"ATTCCAGTTCCAATAGCGTATATTTAAGTTGTTGCAGTTAAAAAGCTCGTAGTCGGATTTGTGGTGTGTCCAGTCGGCCTTTGCTCTTTGAGTGACAGTGTTGTAACTGGTCTGCCATGTTTGGGTGGAATCTGTGTGGCATTAAGTTGTCGTGCAGGGGATGCCCATCGTTTACTGTGAAAAAATTAGAGTGTTCAAAGCAGGCTTATGCCTTGAATATATTAGCATGGAATAATAATATAGGACCTTGGTACTATTTTGTTGGTTTGCGCACTGAGGTAATGATTAAGAGGGACAGTTGGGGGTATTTGTATTCCATTGTCAGAGGTGAAATTCTTGGATTTTTGGAAGACAAACTACTGCGAAAGCATTTACCAAGGATGTTTTCATCA";0;0;0;0;0;18;0;0;0;0;0;0
"ATTCCAGCTCCAATAGCGTATATTAAAGTTGTTGTAGTTAAAAAGCTCGTAGTTTGATGTCTGGTGGGAGCAATCAGTATGGCACTTTGTGTCGTAGCTTGCATTGTCTCTGACCATCCTTGGAAAGAATCAGTCTGGCATTAGGTTGTCGGGCTGAAGATTTCCATCTTTTACTGTGAAAAAATTAGAGTGTTCAAAGCAGGCTTATGCCGTTGAATATATTAGCATGGAATAATGATATAGGACTTTGGTGCTATTTTGTTGGTTTACGTGCCATAGTAATGATTAATAGGGACAGTTGGGGGTATTTGTATTCCAATGTCAGAGGTGAAATTCTTGGATTTTTGGAAGACAAACTACTGCGAAAGCATTTACCAAGGATGTTTTCATTG";0;0;0;0;0;0;0;0;0;0;0;17
"ATTCCAGCTCCAATAGCGTATATTAAAGTTGTTGCAGTTAAAAAGCTCGTAGTTGGATTTGTGGCGTACGTTCGGCTCCCTTCGCCATTGTGTGTCGGTTTGCCTAGCGTTGCCATCCTTGGGTGGAATCTGTGTGGCATTAGGTTGTCGTGCAGGGGATACCCATCGTTTACTGTGAGAAAATTAGAGTGTTCAAAGCAGGCTTACGCCGTTGAATATATTAGCATGGAATAATAAGATAGGACCTTGGTACTATTTTGTTGGTTTGCGCACCGAGGTAATGATTAATAGGGATGGTTGGGGTTATTCGTATTTCATTGTCAGAGGTGAAATTCTTGGATTTTTGAAAGACGAACTACTGCGAAAGCATTTAACAAGGATGTTTTCATCG";0;0;0;0;16;0;0;0;0;0;0;0
"ATTCCAGCTCCAATAGCGTATATTAAAGTTGTTGCAGTTAGAACGCTCGTAGTCGGATTTCGGGGCGGGCCGACCGGTCTGCCGATGGGTACGCACTGGTCGGCGCGTCCTTCCTTCCGGAGACTGTGCCTACTCTTAACTGAGCGGGGGCAGGAGACGGATCGTTTACTTTGAAAAAATCAGAGTGTTTCAAGCAGGCAGCTCGCTCTTGCATGGATTAGCATGGGATAATGAAATAGGACTTTGGTGCTATTTTGTTGGTTTCGAACACCGAAGTAATGATTAAAAGGGACAGTCAGGGGCACTCGTATTCCGCCGAGAGAGGTGAAATTCTCAGACCAGCGGAAGACGAACTACTGCGAAAGCATTTGCCAGGGATGTTTTCATCG";15;0;0;0;0;0;0;0;0;0;0;0
"ATTCCAGCTCCAATAGCGTATACTAAAGTTGTTGCAGTTAAAAAGCTCGTAGTCGAATGATGATTCTTTTGTTGGCGCGGACGCTTAGGTGTAACTTAAGACTGTCTGTGCCCAAGAATCACCTTGGTGTGGTACGAATTTAGTAGAAATATTCTACTATTATTCGCCACACACATTACTGTGAACAAAATAGAGTGTTCATGGCAGGCCATTAAGGCTTGAATACCTCAGCATGGAATAATAGAATAGGACTTCCGGTTCTATTTTGTTGGTTTTTGGAGCCGAAGTAATGATTAATAGGGATAGTTGGGGGCACTCGTACTCCGTTGTCAGAGGTGAAATTCTAGGATTGACGGAAGACGAACAACTGCGAAAGCATCTGCCAAGGATGTTTTCATCA";0;0;0;15;0;0;0;0;0;0;0;0
"ATTCCAGCTCCAATAGCGTATATTAAAGTTGTTGCAGTTAAAAAGCTCGTAGTTGGATTTCTAACGGATGCGACTGGTCTGCCCCGCGAGGGGTCTGCACTGAGTTCGTCGTCTGTTATCCTTGGAGAGAGCGGCTCTGGCATTCAGTTGTCGGGGTCGTGGTCTCCATCGTTTACTGTGAAAAAATTAGAGTGTTCAAAGCAAGCTTAGGCTCTGAATATATTAGCATGGAATAATAAGATAGGACCTTGGTGGTTTATTTTGTTGGTTTGCACGCCGAGGTAATGATTAATAGGGATAGTTGGGGGTATTCGTATTCAATTGTCAGAGGTGAAATTCTTGGATTTATGGAAGACGAACTACTGCGAAAGCATTTACCAAGGATGTTTTCATCG";13;0;0;0;0;0;0;0;0;0;0;0
"ATTCCAGCTCCAATAGCGTATACTAAAGTTGTTGCAGTTAAAAAGCTCGTAGTTGGATTTCTGGTTGCAGTCGTCGGTCGTTCCCAAACGGGTTCCGTACCTGATGTGCTGTGTCCATCCTCGGAGTTCTGCCGTCTGGCATTCAGTTGTTGGGCGGACGGTCTCCGTCATTTACTGTGAGCAAAATAGAGTGTTCAAAGCAGGCTTAGGCCATGAATACATTAGCATGGAATAATAAGATAGGACCTTGGTCTATTTTGTTGGTTTACATTCCAAGGTAATGATTAATAGGGATAGTTGGGGGTATTCGTATTCAATTGTCAGAGGTGAAATTCTTGGATTTATGGAAGACGAACTACTGCGAAAGCATTTACCAAGGATGTTTTCATCA";0;0;0;0;0;0;0;13;0;0;0;0
"ATTCCAGCTCCAATAGCGTATATTAATGTTGTTGCAGTTAAAAAGCTCGTAGTTGGATTTCTGGTCGGGACGTCTGGCCGGCTCCGCAAGGGGTCGTTGCATTGACTGTACTCGTCCATCCTCAGGTTGACTAGCTCTGGTATTCATTTATCGGTGTTAGAACGCCTGTCGTTTACTGTGAACAAATTAGAGTGTTCAAAGCAAGGTGTACTTGAATACATTAGCATGGAATAATAAGATAGGACTTTGGTGGTTCTTTTTGATATTTTGTTGGTTTGCACGCCAAAGTAATGATTAATAGGAGCAGTTGGGGGTATTCGTATTCAATTGTCAGAGGTGAAATTCTTGGATTTATAGAAGACGAACTACTGCGAAAGCATTTACCAAGGATGTTTTCATCA";0;0;0;0;0;0;0;0;0;0;13;0
"ATTCCAGCTCCAATAGCGTATATTAAAGTTGTTGCAGTTAAAAAGCTCGTAGTTGGATTTGTGGCGTACGGTGAGTTCCGGGCACTTGTTGTCTGAGTAACCTGCTGTTGCCATCCTTGGGTGGAACCTGTGTGGCATTAGGTTGTCGTGCAGGGGATGCCCATCATTTACTGTGAAAAAATTAGAGTGTTCAAAGCAGGCTTATGCCGTTGAATATATTAGCATGGAATAATGAGATAGGACTTTTTTGCTATTTTGTTGGTTTGCGCAAAGAGGTAATGATTAATAGGGACAGTTGGGGGTATTCGTATTCCATTGTCAGAGGTGAAATTCTTGGATTTTTGGAAGACGAACTACTGCGAAAGCATTTACCAAGGATGTTTTCATCG";12;0;0;0;0;0;0;0;0;0;0;0
"ATTCCAGCTCCAATAGCGTATATTAAAGTTGTTGCAGTTAAAAAGCTCGTAGTTGGATTTCTGGTGGGAGCGTTGGGCCGGCCCTAAGGGTCTGTGCTCAAATGTTTTCCGCCATCCTTGAGTGGAACTTTTCTGGCATTCAGTTGTCGGGATTGCTAAACTCATCATTTACTGTGAAAAAATTAGAGTGTTCAAAGCAGGCTTATGCCGTTGAATACATTAGCATGGAATAATAAGATAGGACCCTGGTACTATTTTGTTGGTTTGCGTACCTAGGTAATGATTAATAGGGACAGTTGGGGGTATTTGTATTCCGTTGTCAGAGGTGAAATTCTTGGATTTACGGAAGACAAACTACTGCGAAAGCATTTACCAAGGATGTTTTCATTG";0;12;0;0;0;0;0;0;0;0;0;0
"ATTCCAGCTCCAACAGCGTATATTAAAGTTGTTGCAGTTAAAACGCTCGTAGTCGGATTTCGGGGCGGGCGGGCCGGTCTGCCGATGGGTATGCACTGGTCTGGCCGTCCTTCCTTCCGGAGACCGTGCGTGCTCTTAACTGAGTGCGCTCGGGAGACGGATCGTTTACTTTGAAAAAATCAGAGTGTTTCAAGCAGGCAGCTCGCTCTTGCATGGATTAGCATGGGATAATGAAATAGGACTTTGGTGCTATTTTGTTGGTTTCGAACACCGAAGTAATGATTAACAGGGACAGTCAGGGGCACTCGTATTCCGCCGAGAGAGGTGAAATTCTCAGACCAGCGGAAGACGAACCACTGCGAAAGCATTTGCCAGGGATGTTTTCATCG";0;0;0;12;0;0;0;0;0;0;0;0
"ATTCCAGCTCCAATAGCGTATATTTAAGTTGTTGCAGTTAAAAAGCTCGTAGTTGGATTTTGGGTGCGGCAGGCCGGTCCGCCGTTTCGGTGTGCACTGGCAGGCGGCATCTTTCTGTCGGGGACGCGCTCCTGGGGTTAGTTCTTCGGGACGCGGAGTCGGCGCAGTTACTTTGAAAAAATTAGAGTGTTCAAAGCGGGCCTACGCTTGAATATATTAGCATGGAATAACACCATAGGACTCCTGTCCTATTCTGTTGGTCTTCGGGATGGGAGTAATGATTAAGAGGAACAGTTGGGGGCATTCGTATTTCATTGTCAGAGGTGAAATTCTTGGATTTATGAAAGACGAACTTCTGCGAAAGCATTTGCCAAGGATGTTTTCATCG";11;0;0;0;0;0;0;0;0;0;0;0
"ATTCCAGCTCCAATAGCGTATATTAAAGTTGTTGCAGTTAAAAAGCTCGTAGTTGAATTTCTGGTGGGGGTGTACAGTCCGACACTGAGTGTTGGTTCTTGTGTGTCTCCAGCCATCCTTGGAGTGAATCTGTCTGGCATTCAGTTGTTGGGCAGAGTATCTCCATCGTTTACTGTGAGGAAATGAAAGTGTTCAAAGCAGGCTTACGCCGTTGAATCTTTTAGCATGGAATAATAAGATAGGATCTTGATACTATTTTGTTGGTTTGCGTGTTAAGATAATGATGAATAGGGACAGTTGGGGGTATTTGTATTCCATAGTCAGAGGTGAAATTCTTGGATTTATGGAAGACAAACTAATGCGAAAGCATCTACCAAGGATGTTTTCATTG";0;0;0;0;11;0;0;0;0;0;0;0
"ATTCCAGCTCCAATAGCGTATATTAAAGTTGTTGCAGTTAAAACGCTCGTAGTCGGATTTCGGGGCCTGCCTGCTGGTCTGCCGATGGGTATGCACTGGCAGGCGCGTCCTTCCTTCCGGAGACTGTCCCTACTCTTAACTGAGCGGGGTCGGGAGACGGATCGTTTACTTTGAAAAAATCAGAGTGTTTCAAGCAGGCAGCTCGCTCTTGCATGGATTAGCATGGGATAATGAAATAGGACTTTGGTGCTATTTTGTTGGTTTCGAACACCGAAGTAATGATTAACAGGGACAGTCAGGGGCACTCGTATTCCGCCGAGAGAGGTGAAATTCTCAGACCAGCGGAAGACGAACTACTGCGAAAGCATTTGCCAGGGATGTTTTCATCG";0;0;0;0;0;0;0;0;0;0;0;11
