"";"C1A17";"C1F18";"C1A18";"C2A17";"C2F18";"C2A18";"C3A17";"C3F18";"C3A18";"C4A17";"C4F18";"C4A18"
"ATTCCAGCTCCAATAGCGTATATTAAAGTTGTTGCAGTTAAAAAGCTCGTAGTTGAATTTCTGGTGGGAGTGTACAGTCCGACACTGAGTGTTGGTTCTTGTGTGTCTCCGGCCATCCTTGGAGTGAATCTGTCTGGCATTCAGTTGTTGGGCAGAGTATCTCCATCGTTTACTGTGAGGAAATGAAAGTGTTCAAAGCAGGCTTACGCCGTTGAATCTTTTAGCATGGAATAATAAGATAGGATCTTGATACTATTTTGTTGGTTTGCGTGTTAAGATAATGATGAATAGGGACAGTTGGGGGTATTTGTATTCCATAGTCAGAGGTGAAATTCTTGGATTTATGGAAGACAAACTAATGCGAAAGCATCTACCAAGGATGTTTTCATCG";0;0;0;0;288;0;61;454;0;0;284;0
"ATTCCAGCTCCAATAGCGTATACTAAAGTTGTTGCAGTTAAAAAGCTCGTAGTTGAATTTCTGGTCGTGGCAATCGGTCAGCCCCTCACGGGGTTCGTACCAGGTTGCTGCGTCCATCCTCGGGGAGAGCACATCGGGCATTCAGTTGTCTGGTGTGGGATCCTCGTCATTTACTGTGAGCAAAATAGAGTGTTCAAAGCAGGCTTAGGCCGTTGAATACATTAGCATGGAATAATAAGATAGGACCTTGGTCTATTTTGTTGGTTTGCGTTCCAAGGTAATGATTAATAGGGATAGTTGGGGGTATTCGTATTCAATTGTCAGAGGTGAAATTCTTGGATTTATGGAAGACGAACTACTGCGAAAGCATTTACCAAGGATGTTTTCATTA";0;97;0;0;35;0;0;271;0;0;204;0
"ATTCCAGCTCCAATAGCGTATATTAAAGTTGTTGCAGTTAAAAAGCTCGTAGTTGGATTTCTGGCGGGAGCGATCGGTCCTTCACTCAGTGTTGGAACCTGATTGTGTCCTACCATCCATGGAGAAAACTTGTCTGGCATTAAGTTGTCGGGTAGGCAATCTCCATCTTTTACTGTGAAAAAATTAGAGTGTTCAAAGCAGGCTTATGCCGTTGAATATATTAGCATGGAATAATAAGATAGGACTATGGTACTATTTTGTTGGTTTGTGCACCATGGTAATGATTAATAGGGACAGTTGGGGGTATTCGTATTCCATTGTCAGAGGTGAAATTCTTGGATTTATGGAAGACGAACTACTGCGAAAGCATTTACCAAGGATGTTTTCATCA";0;0;0;0;0;0;29;116;0;0;42;0
"ATTCCAGCTCCAATAGCGTATACTAAAGTTGTTGCAGTTAAAAAGCTCGTAGTTGAATTTCTGGTCTCGGTCATCGGTCTGCCTCGAACGAGGTACGCACCAGTTGACTGAATCCATCCTCGGGGAAAACGTGTCTGTCATTCAGTTGATGGGCTCGGGATCCTCGTCATTTACTGTGAGCAAAATAGAGTGTTCAAAGCAGGCTTATGCCGTTGAATACATTAGCATGGAATAATAAGATAGGACCTTGGTCTATTTTGTTGGTTTGTACTCCAAGGTAATGATTAATAGGGATAGTTGGGGGTATTCGTATTCAATTGTCAGAGGTGAAATTCTTGGATTTATGGAAGACGAACTACTGCGAAAGCATTTACCAAGGATGTTTTCATTA";0;55;0;0;0;0;0;55;0;0;48;0
"ATTCCAGCTCCAATAGCGTATACTAAAGTTGTTGCAGTTAAAAAGCTCGTAGTTGAATTTCTGGTCTCGGTCATCGGTCTGCCTCGAACGAGGTACGCACCAGTTGACTGAATCCATCCTCGGGGAAAACGTGTCTGTCATTCAGTTGATGGGCTCGGGATCCTCGTCATTTACTGTGAGCAAAATAGAGTGTTCAAAGCAGGCTTATGCCGTTGAATACATTAGCATGGAATAATAAGATAGGACCTTGGTCTATTTTGTTGGTTTGTACTCCAAGGTAATGATTAATAGGGATAGTTGGGGGTATTCGTATTCAATTGTCAGAGGTGAAATTCTTGGATTTATGGAAGACGAACTACTGCGAAAGCATTTACCAAGGATGTTTTCATCG";0;18;0;0;58;0;0;27;0;0;51;0
"ATTCCAGCTCCAATAGCGTATATTAAAGTTGTTGCAGTTAAAAAGCTCGTAGTTGGATTTGTGGTGTATGCCGGCGGCCTGGTACATTGTACCGGAGTTTGCTTGCGTCGCCATCCTTGGGTGGATCCTGTGTGGCATTAAGTTGTCGTGCAGGGGATGCCCATCGTTTACTGTGAAAAAATTAGAGTGTTCAAAGCAGGCTTATGCCGTTGAATATATTAGCATGGAATAATAAGATAGGACCTTGGTACTATTTTGTTGGTTTGCGCACCAAGGTAATGATTAATAGGGACAGTTGGGGGTATTCGTATTCCATTGTCAGAGGTGAAATTCTTGGATTTTTGGAAGACGAACTACTGCGAAAGCATTTACCAAGGATGTTTTCATCA";65;0;0;0;0;0;81;0;0;0;0;0
"ATTCCAGCTCCAATAGCGTATATTTAAGTTGTTTCAGTAAAAAAGCTCGTAGTTGGATTTCGGGCCCAGGTGACCGGTCCGCCGTTTCGGTGTGCACTGGTTAGCTCGGTCTTTCTGCCGGGGACGCGCTCCGTCTTGATTGCCGGACGCGGAGTCGGCGATGTTACTTTGAAAAATTAGAGTATTCAAAGCAGGATTACGCTCTGAATACTGTAGAATGGAATAACACGATAGGACTCCGAGCCTATTTTGTTGGTCTTCGGGACCGGAGTAATGATTAAGAGGGACACTTGGGGGCATTCGTATTACGGTGTCAGAGGTGAAATTCTTGGATTTCCGTAAGACGATCTTCTGCGAAAGCATTTGCCAAGGATGTTTTCATCG";0;0;62;0;0;38;0;0;30;0;0;0
"ATTCCAGCTCCAATAGCGTATATTAATGTTGTTGCAGTTAAAAAGCTCGTAGTTGGATTTCTGGTCGGATCGCCTGGGCGGCTCCGCAAGGGGCCGTATCTTGGGTGTCTTCGGCCATCCTCAGGGGGACTGGCGCTGGTATTGATTTATCGGCGTGGGGACGCCTGTCGTTTACTGTGAACAAATTAGAGTGTTCAAAGCAAGGTGTACTTGAATACATTAGCATGGAATAATAAGATAGGACTTTGGTGGTTCTTTTTGATATTTTGTTGGTTTGCACGCCAAAGTAATGATTAATAGGAGCAGTTGGGGGTATTCGTATTCAATTGTCAGAGGTGAAATTCTTGGATTTATAGAAGACGAACTACTGCGAAAGCATTTACCAAGGATGTTTTCATCA";81;5;0;0;0;0;0;33;0;0;10;0
"ATTCCAGCTCCAATAGCGTATATTAAAGTTGTTGCAGTTAAAAAGCTCGTAGTTGGATTTGTGGTGTATGCCGGCGGCCTGGTACATTGTACCGGAGTTTGCTTGCGTCGCCATCCTTGGGTGGATCCTGTGTGGCATTAAGTTGTCGTGCAGGGGATGCCCATCGTTTACTGTGAAAAAATTAGAGTGTTCAAAGCAGGCTTATGCCGTTGAATATATTAGCATGGAATAATAAGATAGGACCTTGGTACTATTTTGTTGGTTTGCGCACCAAGGTAATGATTAATAGGGACAGTTGGGGGTATTCGTATTCCATTGTCAGAGGTGAAATTCTTGGATTTTTGGAAGACGAACTACTGCGAAAGCATTTACCAAGGATGTTTTCATCG";0;0;0;0;0;0;0;0;69;0;0;47
"ATTCCAGCTCCAATAGCGTATATTAAAGTTGTTGCAGTTAAAAAGCTCGTAGTTGGATTTGTGGTGTGTCCAGTCGGCCTTTGCTCTTTGAGTGACAGTGTTGTAACTGGTCTGCCATGTTTGGGTGGAATCTGTGTGGCATTAAGTTGTCGTGCAGGGGATGCCCATCGTTTACTGTGAAAAAATTAGAGTGTTCAAAGCAGGCTTATGCCTTGAATATATTAGCATGGAATAATAATATAGGACCTTGGTACTATTTTGTTGGTTTGCGCACTGAGGTAATGATTAAGAGGGACAGTTGGGGGTATTTGTATTCCATTGTCAGAGGTGAAATTCTTGGATTTTTGGAAGACAAACTACTGCGAAAGCATTTACCAAGGATGTTTTCATCA";0;0;0;0;0;53;0;0;49;0;0;0
"ATTCCAGCTCCAATAGCGTATACTAAAGTTGTTGCAGTTAAAAAGCTCGTAGTTGAATTTCTGGATGCGAAAGATGGTCGGCACCTCACGGTGTCTGCACCTATCATTCGCGTTCATCCTCGGGAGGAACGTGTGGTCTCTTCAGTGAGCCCGCTCGGGAATCTCGTCATTTACTGTGAGCAAAATAGAGTGTTCAAAGCAGGCTTATGCCGTTGAATATATTAGCATGGAATAATAAGATACGACTTTGGTCTATTTTGTTGGTTTGCATTCCAAAGTAATGATTAATAGGGATAGTTGGGGGTATTCGTATTCAATTGTCAGAGGTGAAATTCTTGGATTTATGGAAGACGAACTACTGCGAAAGCATTTACCAAGGATGTTTTCATCA";0;34;0;0;0;0;0;25;0;0;36;0
"ATTCCAGCTCCAATAGCGTATATTAAAGTTGTTGCAGTTAAAAAGCTCGTAGTTGGATTTGTGGTGTGTCCAGTCGGCCTTTGCTCTTTGAGTGACAGTGTTGTAACTGGTCTGCCATGTTTGGGTGGAATCTGTGTGGCATTAAGTTGTCGTGCAGGGGATGCCCATCGTTTACTGTGAAAAAATTAGAGTGTTCAAAGCAGGCTTATGCCTTGAATATATTAGCATGGAATAATAATATAGGACCTTGGTACTATTTTGTTGGTTTGCGCACTGAGGTAATGATTAAGAGGGACAGTTGGGGGTATTTGTATTCCATTGTCAGAGGTGAAATTCTTGGATTTTTGGAAGACAAACTACTGCGAAAGCATTTACCAAGGATGTTTTCATCG";0;0;0;0;0;21;0;0;42;0;0;32
"ATTCCAGCTCCAATAGCGTATATTAAAGTTGTTGCAGTTAAAAAGCTCGTAGTTGGATTTGTGGTGTGTCCAGTCGGCCTTTGCTCTTTGAGTGATAGTGTTGTAACTGGTCTGCCATGTTTGGGTGGAACCTGTGTGGCATTAAGTTGTCGTGCAGGGGATGCCCATCGTTTACTGTGAAAAAATTAGAGTGTTCAAAGCAGGCTTATGCCTTGAATATATTAGCATGGAATAATAATATAGGACCTTGGTACTATTTTGTTGGTTTGCGCACTGAGGTAATGATTAAGAGGGACAGTTGGGGGTATTTGTATTCCATTGTCAGAGGTGAAATTCTTGGATTTTTGGAAGACAAACTACTGCGAAAGCATTTACCAAGGATGTTTTCATCG";0;0;0;0;0;18;0;0;32;0;0;44
"ATTCCAGCTCCAATAGCGTATATTAAAGTTGTTGCAGTTAAAAAGCTCGTAGTTGGATTTGTGGTGTGTCCAGTCGGCCTTTGCTCTTTGAGTGATAGTGTTGTAACTGGTCTGCCATGTTTGGGTGGAACCTGTGTGGCATTAAGTTGTCGTGCAGGGGATGCCCATCGTTTACTGTGAAAAAATTAGAGTGTTCAAAGCAGGCTTATGCCTTGAATATATTAGCATGGAATAATAATATAGGACCTTGGTACTATTTTGTTGGTTTGCGCACTGAGGTAATGATTAAGAGGGACAGTTGGGGGTATTTGTATTCCATTGTCAGAGGTGAAATTCTTGGATTTTTGGAAGACAAACTACTGCGAAAGCATTTACCAAGGATGTTTTCATCA";0;0;0;0;0;26;0;19;41;0;0;0
"ATTCCAGCTCCAATAGCGTATACTAAAGTTGTTGCAGTTAAAAAGCTCGTAGTTGAATTTCTGGTCTTGGACGGCGGTCTGCCTCAAACGAGGTACGCACCATCTGTCCGGGTCCATCCTCGGGGAAAACATATCTGTGATTCAGTTCATGGGTATGGGATCCTCGTCATTTACTGTGAGCAAAATAGGGTGTTCAAAGCAGGCTTATGCCGTTGAATACATTAGCATGGAATAATAAGATAAGACCTTGGTCTATTTTGTTGGTTTGCATTCCAAGGTAATGATTAATAGGGACAGTTGGGGGTATTCGTATTCAATTGTCAGAGGTGAAATTCTTGGATTTATGGAAGACGAACTACTGCGAAAGCATTTACCAAGGATGTTTTCATCA";35;0;0;0;0;0;0;0;0;0;47;0
"ATTCCAGCTCCAATAGCGTATACTAAAGTTGTTGCAGTTAAAAAGCTCGTAGTTGAATTTCTGGTCTCGGTCATCGGTCTGCCTCGAACGAGGTACGCACCAGTTGACTGAATCCATCCTCGGGGAAAACGTGTCTGTCATTCAGTTGATGGGCTCGGGATCCTCGTCATTTACTGTGAGCAAAATAGAGTGTTCAAAGCAGGCTTATGCCGTTGAATACATTAGCATGGAATAATAAGATAGGACCTTGGTCTATTTTGTTGGTTTGTACTCCAAGGTAATGATTAATAGGGATAGTTGGGGGTATTCGTATTCAATTGTCAGAGGTGAAATTCTTGGATTTATGGAAGACGAACTACTGCGAAAGCATTTACCAAGGATGTTTTCATCA";0;0;0;0;0;0;0;0;6;0;60;13
"ATTCCAGCTCCAATAGCGTATATTAAAGTTGTTGCAGTTAAAACGCTCGTAGTCGGATTTCGGGGCGGAGCCGCCGGTCTGCCGATGGGTACGCACTGGCGGGGCCGTCCTTCCTTCCGGAGACTGGCCCTACTCTTAGCTGAGCGGGGTCGGGAGTCGGATCGTTTACTTTGAAAAAATCAGAGTGTTTCAAGCAGGCAGCTCGCTCTTGCATGGATTAGCATGGGATAATGAAATAGGACTTTGGTGCTATTTTGTTGGTTTCGAACACCGAAGTAATGATTAACAGGGACAGTCAGGGGCACTCGTATTCCGCCGAGAGAGGTGAAATTCTCAGACCAGCGGAAGACGAACCACTGCGAAAGCATTTGCCAGGGATGTTTTCATCA";0;0;0;0;41;0;0;0;0;0;33;0
"ATTCCAGCTCCAATAGCGTATATTAAAGTTGTTGCAGTTAAAACGCTCGTAGTCGGATTTCGGGGCGGGCCGACCGGTCTGCCGATGGGTATGCACTGGCCGGCGCGTCCTTCCACCCGGAGACCGCGCCTACTCTTAACTGAGCGGGCGCGGGAGACGGGTCTTTTACTTTGAAAAAATCAGAGTGTTTCAAGCAGGCAGTCGCTCTTGCATGGATTAGCATGGGATAATGAAATAGGACTCTGGTGCTATTTTGTTGGTTTCGAACACCGGAGTAATGATTAACAGGGACAGTCAGGGGCACTCGTATTCCGCCGAGAGAGGTGAAATTCTCAGACCAGCGGAAGACGAACCACTGCGAAAGCATTTGCCAGGGATGTTTTCATCG";0;0;0;0;26;0;0;0;47;0;0;0
"ATTCCAGCTCCAATAGCGTATATTAAAGTTGTTGCAGTTAAAACGCTCGTAGTCGGATTTCGGGGCGGGCTGCTCGGTCTGCCGATGGGTATGCACTGGGTGGCGCGTCCTTCCTTCCGGAGACCGCGCCTACTCTTAACTGAGCGGGCGCGGGAGACGGAACGTTTACTTTGAAAAAATCAGAGTGTTTCAAGCAGGCATCTCGCTCTTGCATGGATTAGCATGGGATAATGAAATAGGACTTTGGTGCTATTTTGTTGGTTTCGAACACCGAAGTAATGATTAACAGGGACAGTCAGGGGCACTCGTATTCCGTCGAGAGAGGTGAAATTCTCAGACCAACGGAAGACGAACCACTGCGAAAGCATTTGCCAGGGATGTTTTCATCA";0;0;0;0;0;0;0;0;0;0;0;71
"ATTCCAGCTCCAATAGCGTATACTAAAGTTGTTGCAGTTAAAAAGCTCGTAGTTGAATTTCTGGTCTTGGACGGCGGTCTACCACAATTGTGGTACGTACCAACTGTCCGAGTCCATCCTCGGGGAAAACATGCCTGTGATTCAGTTCATGGGTATGGGATCCTCGTCATTTACTGTGAGCAAAATAGAGTGTTCAAAGCAGGCTTATGCCGTTGAATACATTAGCATGGAATAATAAGATAGGACCTTGGTCTATTTTGTTGGTTTGTACTCCAAGGTAATGATTAATAGGGATAGTTGGGGGTATTCGTATTCAATTGTCAGAGGTGAAATTCTTGGATTTATGGAAGACGAACTACTGCGAAAGCATTTACCAAGGATGTTTTCATTA";0;31;0;0;0;0;0;22;0;0;12;0
"ATTCCAGCTCCAATAGCGTATATTTAAGTTGTTGCAGTTAAAAAGCTCGTAGTTGGATTTCGGGTGTGGGGCGCCGGTCCGCTTCGGTGTGCACTGGCGGCCCAGGCCTTCTTGTCGGGGATGCGCTCTGGTATTGATTTATCGGACGCAGAGTCGGCGCAGTTACTTTGAAAAAATTAGAGTGTTCAAAGCAGGCTTTCGCTTGAATACATTAGCATGGAATAACATGATAGGACTCCGATCCCATTGTGTTGGTCTTCGGGACTGGAGTAATGATTAAGAGGGACAGTTGGGGGCATTCGTATTTCATTGTCAGAGGTGAAATTCTTGGATTTATGAAAGACGAACTTCTGCGAAAGCATTTGCCAAGGATGTTTTCATCG";0;0;28;0;0;0;0;0;16;0;0;21
"ATTCCAGCTCCAATAGCGTATATTTAAGTTGTTTCAGTAAAAAAGCTCGTAGTTGGATTTCGGGCCCAGGTGACCGGTCCGCCGTTTCGGTGTGCACTGGTTAGCTCGGTCTTTCTGCCGGGGACGCGCTCCGTCTTGATTGCCGGACGCGGAGTCGGCGATGTTACTTTGAAAAATTAGAGTATTCAAAGCAGGATTACGCTCTGAATACTGTAGAATGGAATAACACGATAGGACTCCGAGCCTATTTTGTTGGTCTTCGGGACCGGAGTAATGATTAAGAGGGACACTTGGGGGCATTCGTATTACGGTGTCAGAGGTGAAATTCTTGGATTTCCGTAAGACGATCTTCTGCGAAAGCATTTGCCAAGGATGTTTTCATCA";0;0;0;0;0;0;0;0;0;0;0;61
"ATTCCAGCTCCAATAGCGTATATTAAAGTTGTTGCAGTTAAAACGCTCGTAGTCGGATTTCGGGGCGGAGCCGCCGGTCTGCCGATGGGTACGCACTGGCGGGGCCGTCCTTCCTTCCGGAGACTGGCCCTACTCTTAGCTGAGCGGGGGCGGGAGTCGGATCGTTTACTTTGAAAAAATCAGAGTGTTTCAAGCAGGCAGCTCGCTCTTGCATGGATTAGCATGGGATAATGAAATAGGACTTTGGTGCTATTTTGTTGGTTTCGAACACCGAAGTAATGATTAACAGGGACAGTCAGGGGCACTCGTATTCCGCCGAGAGAGGTGAAATTCTCAGACCAGCGGAAGACGAACCACTGCGAAAGCATTTGCCAGGGATGTTTTCATCA";0;0;0;0;0;0;0;58;0;0;0;0
"ATTCCAGCTCCAATAGCGTATACTAAAGTTGTTGCAGTTAAAAAGCTCGTAGTTGAATTTCTGGTCGTGGCAGTCGGTCCGCCCCTCACGGGGTGTGCACCTGGCTTCTGCAGCCATCCTCGCGGAGAGCGCGTCTGTCGTTTACTCGTCGGGCGCGGGATCCGCGTCATTTACTGTGAGCAAAATAGAGTGTTCAAAGCAGGCTTAGGCCGTTGAATACATTAGCATGGAATAATAAGATAGGACCTTGGTCTATTTTGTTGGTTTGTACTCCAAGGTAATGATTAATAGGGATAGTTGGGGGTATTCGTATTCAATTGTCAGAGGTGAAATTCTTGGATTTATGGAAGACGAACTACTGCGAAAGCATTTACCAAGGATGTTTTCATCA";55;0;0;0;0;0;0;0;0;0;0;0
"ATTCCAGCTCCAATAGCGTATATTAAAGTTGTTGCAGTTAAAACGCTCGTAGTCGGATTTCGGGGCGGAGCCGCCGGTCTGCCGATGGGTACGCACTGGCGGGGCCGTCCTTCCTTCCGGAGACTGGCCCTACTCTTAGCTGAGCGGGGGCGGGAGTCGGATCGTTTACTTTGAAAAAATCAGAGTGTTTCAAGCAGGCAGCTCGCTCTTGCATGGATTAGCATGGGATAATGAAATAGGACTTTGGTGCTATTTTGTTGGTTTCGAACACCGAAGTAATGATTAACAGGGACAGTCAGGGGCACTCGTATTCCGCCGAGAGAGGTGAAATTCTCAGACCAGCGGAAGACGAACCACTGCGAAAGCATTTGCCAGGGATGTTTTCATCG";0;0;0;0;0;0;0;55;0;0;0;0
"ATTCCAGCTCCAATAGCGTATATTAAAGTTGTTGCAGTTAAAAAGCTCGTAGTTGGATTTCTAGCGGACGCGACTGGTCTGCTCCGCGAGGAGTTGGTACTGAGCCGTCGTCTGTTATCCTTGGGATGATTGGGCCTGGCATTTGGTTGTCGGGTTCGGGAGTCCCATCGTTTACTGTGAAAAAATTAGAGTGTTCAAAGCAAGCTTAGGCTCTGAATATATTAGCATGGAATAATAAGATAGGACCTTGGTGGTCTATTTTGTTGGTTTGCACGCCGAGGTAATGATTAATAGGGATAGTTGGGGGTATTCGTATTCAATTGTCAGAGGTGAAATTCTTGGATTTATGGAAGACGAACTACTGCGAAAGCATTTACCAAGGATGTTTTCATCA";0;0;0;0;0;0;0;0;28;0;0;26
"ATTCCAGCTCCAATAGCGTATACTAAAGTTGTTGCAGTTAAAAAGCTCGTAGTTGAATTTCTGGTCTTGGACGGCGGTCTACCACAATTGTGGTACGTACCAACTGTCCGAGTCCATCCTCGGGGAAAACATGCCTGTGATTCAGTTCATGGGTATGGGATCCTCGTCATTTACTGTGAGCAAAATAGAGTGTTCAAAGCAGGCTTATGCCGTTGAATACATTAGCATGGAATAATAAGATAGGACCTTGGTCTATTTTGTTGGTTTGTACTCCAAGGTAATGATTAATAGGGATAGTTGGGGGTATTCGTATTCAATTGTCAGAGGTGAAATTCTTGGATTTATGGAAGACGAACTACTGCGAAAGCATTTACCAAGGATGTTTTCATCG";0;10;0;0;18;0;0;8;0;0;14;0
"ATTCCAGCTCCAATAGCGTATATTAAAGTTGTTGCAGTTAAAAAGCTCGTAGTTGAAATACTGATGTAGTCGACCGGTCCCGTGCTTTGTCGCGGGCACTCGTGTCGAGCTAGATCATTCTTGGTGATAACCGATCTGGCATTAGGTTGTTGGATTTTGGTGAAGACCATCGTTTACTGTGAAAAAATTAGAGTGTTCAAAGCAGACTTATGTCGTTGAATAGATTAGCATGGAATAATAATATAGGACTTTTGTACTATTTTGTTGGTTAGGTGTGAAAGTAATGATCAACAGGGACAGTTGGGCATATTTGTATTTCGTTGCTAGAGGTGAAATTCTTGGATTCTCGAAAGACAAACTACTGCGAAAGCATTTATGAAGGATGTTTTCATTA";49;0;0;0;0;0;0;0;0;0;0;0
"ATTCCAGCTCCAATAGCGTATACTAAAGTTGTTGCAGTTAAAAAGCTCGTAGTTGAATTTCTGGTCTTGGACGGCGGTCTACCACAATTGTGGTACGTACCAACTGTCCGAGTCCATCCTCGGGGAAAACATGCCTGTGATTCAGTTCATGGGTATGGGATCCTCGTCATTTACTGTGAGCAAAATAGAGTGTTCAAAGCAGGCTTATGCCGTTGAATACATTAGCATGGAATAATAAGATAGGACCTTGGTCTATTTTGTTGGTTTGTACTCCAAGGTAATGATTAATAGGGATAGTTGGGGGTATTCGTATTCAATTGTCAGAGGTGAAATTCTTGGATTTATGGAAGACGAACTACTGCGAAAGCATTTACCAAGGATGTTTTCATCA";0;0;0;0;0;0;0;0;0;0;18;31
"ATTCCAGCTCCAATAGCGTATATTAAAGTTGTTGCAGTTAGAACGCTCGTAGTCGGATTTCGGGGCGGGCCGACCGGTCTGCCGATGGGTACGCACTGGTCGGCGCGTCCTTCCTTCCGGAGACCGTGCCTACTCTTAACTGAGCGGGGGCGGGAGACGGATCGTTTACTTTGAAAAAATCAGAGTGTTTCAAGCAGGCAGCTCGCTCTTGCATGGATTAGCATGGGATAATGAAATAGGACTTTGGTGCTATTTTGTTGGTTTCGAACACCGAAGTAATGATTAAAAGGGACAGTCAGGGGCACTCGTATTCCGCAGAGAGAGGTGAAATTCTCAGACCCGCGGAAGACGAACCACTGCGAAAGCATTTGCCAGGGATGTTTTCATCG";48;0;0;0;0;0;0;0;0;0;0;0
"ATTCCAGCTCCAATAGCGTATATTAAAGTTGTTGCAGTTAAAAAGCTCGTAGTTGGATTTCTAGCGGACGCGTCTGGTCTGCTCCGCGAGGAGTCGGTACTGAGTCGTCGTCTGTTATCCTTGAGGAGAATATTCCTGGCATTAAGTTGTCGGGAGTAGTATCCTCATCGTTTACTGTGAAAAAATTAGAGTGTTCAAAGCAAGCTTAGGCTCTGAATATATTAGCATGGAATAATAAGATAAGACCCTGGTGGTTTATTTTGTTGGTTTGCACGCCGAGGTAATGATTAATAGGGATAGTTGGGGGTATTCGTATTCAATTGTCAGAGGTGAAATTCTTGGATTTATGGAAGACGAACTACTGCGAAAGCATTTACCAAGGATGTTTTCATTA";0;0;0;0;0;0;0;0;0;0;0;48
"ATTCCAGCTCCAATAGCGTATATTAAAGTTGTTGCAGTTAAAACGCTCGTAGTCGGATTTCGGGTCCTGTCCGCCGGTTTGCCGTTGGGTATACACTGGTGGGCGCGTCCTTCCTTCCGGAGACCGCGCCTCCTCTTAGCTGAGCGGGCGTGGGAGACGGATCGTTTACTTTGAAAAAATCAGAGTGTTTCACGCAGGCAGTCTGCTCTTGCATGGATTAGCATGGGATGATGAAATAGGACTCTGGTGCTATTTTGTTGGTTTCGAGCACCGGAGTAATGATTAACAGGGACAGTCAGGGGCACTCGTATTCCGCAGAGAGAGGTGAAATTCTCAGACCCGCGGAAGACGAACCACTGCGAAAGCATTTGCCAGGGATGTTTTCATTA";0;0;0;0;0;0;0;47;0;0;0;0
"ATTCCAGCTCCAATAGCGTATATTAAAGTTGTTGCAGTTAGAACGCTCGTAGTCGGATTTCGGGGCGGGCCGACCGGTCTGCCGATGGGTACGCACTGGTCGGCGCGTCCTTCCTTCCGGAGACCGTGCCTACTCTTAACTGAGCGGGGGCGGGAGACGGATCGTTTACTTTGAAAAAATCAGAGTGTTTCAAGCAGGCAGCTCGCTCTTGCATGGATTAGCATGGGATAATGAAATAGGACTTTGGTGCTATTTTGTTGGTTTCGAACACCGAAGTAATGATTAAAAGGGACAGTCAGGGGCACTCGTATTCCGCAGAGAGAGGTGAAATTCTCAGACCCGCGGAAGACGAACCACTGCGAAAGCATTTGCCAGGGATGTTTTCATCA";0;0;0;0;0;0;0;45;0;0;0;0
"ATTCCAGCTCTAATAGCGTATATTAATGTTGTTGCAGTTAAAAAGCTCGTAGTTGGATTTTGGTGTTTGACAAACGGTCGGCCTTACGGTTGGTACTGTTTGTTGGCACTTCTTTTCTGGGGAACTCACTGTTCTTAATTGAAGGGTGTTGTAACGCAGATCGTTTACTTTGAAAAAATTAGAGTGTTCAAAGCAGGCCGTCGCATTGAATACATTAGCATGGAATAATGGAATAGGACTTTGGTCTTATTTTGTTGGTTTCTAAGGCCGAGGTAATGATTAATAGGGATAGTTGGGGGCGTTTATATTCCGTTGTCAGAGGTGAAATTCTTGGATTTACGGAAGATAAACTACTGCGAAAGCATTCGCCAAGGATGTTTTCATCA";0;0;0;0;0;0;0;0;45;0;0;0
"ATTCCAGCTCCAATAGCGTATATTAAAGTTGTTGCAGTTAGAACGCTCGTAGTCGGATTTCGGGGCGGGCCGACCGGTCTGCCGATGGGTACGCACTGGTCGGCGCGTCCTTCCTTCCGGAGACCGTGCCTACTCTTAACTGAGCGGGGGCGGGAGACGGATCGTTTACTTTGAAAAAATCAGAGTGTTTCAAGCAGGCAGCTCGCTCTTGCATGGATTAGCATGGGATAATGAAATAGGACTTTGGTGCTATTTTGTTGGTTTCGAACACCGAAGTAATGATTAAAAGGGACAGTCAGGGGCACTCGTATTCCGCAGAGAGAGGTGAAATTCTCAGACCCGCGGAAGACGAACCACTGCGAAAGCATTTGCCAGGGATGTTTTCATTG";0;0;0;0;0;0;0;0;0;0;44;0
"ATTCCAGCTCCAATAGCGTATATTAATGTTGTTGCAGTTAAAAAGCTCGTAGTTGGATTTCTGGTCGGATCGCCTGGGCGGCTCCGCAAGGGGCCGTATCTTGGGTGTCTTCGGCCATCCTCAGGGGGACTGGCGCTGGTATTGATTTATCGGCGTGGGGACGCCTGTCGTTTACTGTGAACAAATTAGAGTGTTCAAAGCAAGGTGTACTTGAATACATTAGCATGGAATAATAAGATAGGACTTTGGTGGTTCTTTTTGATATTTTGTTGGTTTGCACGCCAAAGTAATGATTAATAGGAGCAGTTGGGGGTATTCGTATTCAATTGTCAGAGGTGAAATTCTTGGATTTATAGAAGACGAACTACTGCGAAAGCATTTACCAAGGATGTTTTCATCG";0;3;0;0;0;0;0;22;0;0;18;0
"ATTCCAGCTCCAATAGCGTATATTAAAGTTGTTGCGGTTAAAAAGCTCGTAGTTGGATTTCTGGCGGGAGCGATCGGTCCTTCACTCAGTGTTGGAACCTGATTGTCTCCTACCATCCATGGAGAAAACTTGTCTGGCATTAAGTTGTCGGGTAGGAAATCTCCATCTTTTACTGTGAAAAAATTAATGTGTTCAAAGCAGGCTTATGCCGTTGAATATATTAGCATGAAATAATAAGATAGGACTATGATACTATTTTGTTGGTTTGTGCACCATGGTAATGATTGATAGGGACAGTTGGGGGTATTTGTATTCCATTGTCAGAGGTGAAATTCTTGGATTTATGGAAGACGAACTACTGCAAAATCATTTACCAAGGATGTTTTCATCG";0;0;0;0;0;0;0;43;0;0;0;0
"ATTCCAGCTCCAATAGCGTATACTAAAGTTGTTGCAGTTAAAAAGCTCGTAGTTGAATTTCTGGTCGTGGCGACCGGTCCGCCCCTCGCGGGGTGTGCACCTGGTCTCTGCGTCCATCCTCGGGGAGAGCGCGTCTGGCATTCAGTTGTCGGGCGCGGGATCCTCGTCATTTACTGTGAGCAAAATAGAGTGTTCAAAGCAGGCTTAGGCCGTTGAATACATTAGCATGGAATAATAAGATAGGACCTTGGTCTATTTTGTTGGTTTGCATTCCAAGGTAATGATTAATAGGGATAGTTGGGGGTATTCGTATTCAATTGTCAGAGGTGAAATTCTTGGATTTATGGAAGACGAACTACTGCGAAAGCATTTACCAAGGATGTTTTCATCG";0;0;0;0;0;0;0;18;0;0;25;0
"ATTCCAGCTCCAATAGCGTATACTAAAGTTGTTGCAGTTAAAAAGCTCGTAGTTGAATTTCTGGTCTCGGACAGCGGTCTGCCTCAAACGAGGTACGCACCACCTGTTCAGGTCCATCCTCGGAGAAAACATGCCTGTGATTCAGTTCATGGGTATGGGATCTTCGTCATTTACTGTGAGCAAAATAGAGTGTTCAAAGCAGGCTTATGCCGTTGAATACATTAGCATGGAATAATAAAATAAGACCTTGGTCTATTTTGTTGGTTTGTACTCCAAGGTAATGATTAATAGGGATAGTTGGGGGTATTCGTATTCAATTGTCAGAGGTGAAATTCTTGGATTTATGGAAGACGAACTACTGCGAAAGCATTTACCAAGGATGTTTTCATTG";0;0;0;0;0;0;0;41;0;0;0;0
"ATTCCAGCTCCAATAGCGTATATTAAAGTTGTTGCAGTTAAAACGCTCGTAGTCGGATTTCGGGGCGGAGCCGCCGGTCTGCCGATGGGTACGCACTGGCGGGGCCGTCCTTCCTTCCGGAGACTGGCCCTACTCTTAGCTGAGCGGGGTCGGGAGTCGGATCGTTTACTTTGAAAAAATCAGAGTGTTTCAAGCAGGCAGCTCGCTCTTGCATGGATTAGCATGGGATAATGAAATAGGACTTTGGTGCTATTTTGTTGGTTTCGAACACCGAAGTAATGATTAACAGGGACAGTCAGGGGCACTCGTATTCCGCCGAGAGAGGTGAAATTCTCAGACCAGCGGAAGACGAACCACTGCGAAAGCATTTGCCAGGGATGTTTTCATCG";0;0;0;0;0;0;0;0;0;0;41;0
"ATTCCAGCTCCAATAGCGTATATTAAAGTTGTTGCAGTTAGAACGCTCGTAGTCGGATTTCGGGGCGGGCCGACCGGTCTGCCGATGGGTACGCACTGGTCGGCGCGTCCTTCCTTCCGGAGACCGTGCCTACTCTTAACTGAGCGGGGGCGGGAGACGGATCGTTTACTTTGAAAAAATCAGAGTGTTTCAAGCAGGCAGCTCGCTCTTGCATGGATTAGCATGGGATAATGAAATAGGACTTTGGTGCTATTTTGTTGGTTTCGAACACCGAAGTAATGATTAAAAGGGACAGTCAGGGGCACTCGTATTCCGCAGAGAGAGGTGAAATTCTCAGACCCGCGGAAGACGAACCACTGCGAAAGCATTTGCCAGGGATGTTTTCATTA";0;0;0;0;0;0;0;30;0;0;0;10
"ATTCCAGCTCCAATAGCGTATATTAAAGTTGTTGCAGTTAAAAAGCTCGTAGTTGGATTTCTAGCGGACGCGACTGGTCTGCTCCGCGAGGAGTTGGTACTGAGCCGTCGTCTGTTATCCTTGAGCAGAGCTCATCTGGCATTCAGTTGTCGGGTGAGGGATGCTCATCGTTTACTGTGAAAAAATTAGAGTGTTCAAAGCAAGCTTAGGCTCTGAATATATTAGCATGGAATAATAAGATAGGACCTTGGTGGTCTATTTTGTTGGTTTGCACGCCGAGGTAATGATTAATAGGGATAGTTGGGGGTATTCGTATTCAATTGTCAGAGGTGAAATTCTTGGATTTATGGAAGACGAACTACTGCGAAAGCATTTACCAAGGATGTTTTCATCA";0;0;0;0;0;0;0;0;25;0;0;15
"ATTCCAGCTCCAATAGCGTATATTAAAGTTGTTGCAGTTAAAACGCTCGTAGTCGGATTTCGGGTCCTGTCCGCCGGTTTGCCGTTGGGTATACACTGGTGGGCGCGTCCTTCCTTCCGGAGACCGCGCCTCCTCTTAGCTGAGCGGGCGTGGGAGACGGATCGTTTACTTTGAAAAAATCAGAGTGTTTCACGCAGGCAGTCTGCTCTTGCATGGATTAGCATGGGATGATGAAATAGGACTCTGGTGCTATTTTGTTGGTTTCGAGCACCGGAGTAATGATTAACAGGGACAGTCAGGGGCACTCGTATTCCGCAGAGAGAGGTGAAATTCTCAGACCCGCGGAAGACGAACCACTGCGAAAGCATTTGCCAGGGATGTTTTCATCG";0;0;0;0;0;0;0;0;0;0;39;0
"ATTCCAGCTCCAATAGCGTATATTTAAGTTGTTTCAGTAAAAAAGCTCGTAGTTGGATTTCGGGCCCAGGTGACCGGTCCGCCGTTTCGGTGTGCACTGGTTAGCTCGGTCTTTCTGCCGGGGACGCGCTCCGTCTTGATTGCCGGACGCGGAGTCGGCGATGTTACTTTGAAAAATTAGAGTATTCAAAGCAGGATTACGCTCTGAATACTGTAGAATGGAATAACACGATAGGACTCCGAGCCTATTTTGTTGGTCTTCGGGACCGGAGTAATGATTAAGAGGGACACTTGGGGGCATTCGTATTACGGTGTCAGAGGTGAAATTCTTGGATTTCCGTAAGACGAACTTCTGCGAAAGCATTTGCCAAGGATGTTTTCATCA";0;0;0;0;0;38;0;0;0;0;0;0
"ATTCCAGCTCCAATAGCGTATACTAAAGTTGTTGCAGTTAAAAAGCTCGTAGTTGAATTTCTGGTCTTGGACGGCGGTCTGCCTCAAACGAGGTACGCACCATCTGTCCGGGTCCATCCTCGGGGAAAACATATCTGTGATTCAGTTCATGGGTATGGGATCCTCGTCATTTACTGTGAGCAAAATAGGGTGTTCAAAGCAGGCTTATGCCGTTGAATACATTAGCATGGAATAATAAGATAAGACCTTGGTCTATTTTGTTGGTTTGCATTCCAAGGTAATGATTAATAGGGACAGTTGGGGGTATTCGTATTCAATTGTCAGAGGTGAAATTCTTGGATTTATGGAAGACGAACTACTGCGAAAGCATTTACCAAGGATGTTTTCATCG";0;0;0;0;0;0;0;38;0;0;0;0
"ATTCCAGCTCCAATAGCGTATACTAAAGTTGTTGCAGTTAAAAAGCTCGTAGTTGAATTTCTGGTCGTGGCGATCGGTCCGCCCCTCACGGGGTGTGCACCTGGTCTCTACGTCCATCCTCGGGGAGAGCATGCCTGGCATTCAGTTGTCGGGTATGGGATCCTCGTCATTTACTGTGAGCAAAATAGAGTGTTCAAAGCAGGCTTAGGCCGTTGAATACATTAGCATGGAATAATAAGATAGGACCTTGGTCTATTTTGTTGGTTTGCATTCCAAGGTAATGATTAATAGGGATAGTTGGGGGTATTCGTATTCAATTGTCAGAGGTGAAATTCTTGGATTTATGGAAGACGAACTACTGCGAAAGCATTTACCAAGGATGTTTTCATTA";0;0;0;0;0;0;0;16;0;0;22;0
"ATTCCAGCTCCAATAGCGTATATTAATGTTGTTGCAGTTAAAAAGCTCGTAGTTGGATTTCTGATCGGTTCGTCTATCCAGGTCCGCAAGGATTTGTGTGTGACGCAACCTGTCATCCTCAGGGGGACTGTTCACTGGCATTCAGTTGTCGGTGTCGGGACGCCTGTCGTTTACTGTGAACAAATTAGAGTGTTCAAAGCAAGGTGTTCTTGAATACATTAGCATGGAATAATAAGATAGGACTCTGACGGTTCTTTTTGATATTTTGTTGGTTTGCACGCCAGAGTAATGATTAATAGGAGCAGTTGGGGGTATTCGTATTCAATTGTCAGAGGTGAAATTCTTGGATTTATAGAAGACGAACTACTGCGAAAGCATTTACCAAGGATGTTTTCATCA";0;0;17;0;0;20;0;0;0;0;0;0
"ATTCCAGCTCCAATAGCGTATATTAAAGTTGTTGCAGTTAAAAAGCTCGTAGTTGGATTTCTGGTGGGCGCGACCGGTCCGCCCCGCGAGGGGTGAGCACTGGCGTCGCCGTCCGCCATCTTTGGGGAGAGGGCGTTGGGCATTCAGTTGTTCGGCGTCGGATCCCCATCGTTTACTGTGAGAAAATTAGAGTGTTCAAAGCAGGCTTACGCCTTGAATACATTAGCATGGAATAATAGTCGAGGCTTTCGGTCTGACTTGTTGGTTTGCAGCCCGAGAGAATGATTCAATAGGGATAGTTGGGGGTATTCGTATTCAATTGTCAGAGGTGAAATTCTTGGATTTATGGAAGACGAACTACTGCGAAAGCATTTACCAAGGATGTTTTCATTA";0;0;0;0;0;0;0;0;0;0;0;36
"ATTCCAGCTCCAATAGCGTATATTAAAGTTGTTGCAGTTAAAAAGCTCGTAGTTGAATTTGTGATGTGTCCAGTCGGCCTTTGCTCTTTGAGTGATTGTGCTGTTATTGGTCCGTCATGTTTGGGTGGAATCTGTGTGGCATTAGGTTGTCGTGCAGGGGATGCCCATCGTTTACTGTGAAAAAATTAGAGTGTTCAAAGCAGGCTTATGCCGTTGAATATATTAGCATGGAATAATGATATAGGACCTTGGTACTATTTTGTTGGTTTGCGCACTAAGGTAATGATGAATAGGGACAGTTGGGGGTATTTGTATTCCATTGTCAGAGGTGAAATTCTTGGATTTTTGGAAGACAAACTACTGCGAAAGCATTTACCAAGGATGTTTTCATCA";0;0;19;0;0;0;0;0;0;0;0;16
"ATTCCAGCTCCAATAGCGTATATTAAAGTTGTTGCAGTTAAAAAGCTCGTAGTTGGATTTGTGGCTGTCGCTAGCGGCCCATCACTTAGTGTTGGTGTTTGCTGGCGTCGCCATCCTTGGGTGGAGCCTGTGTGGCATTAGGTTGTCGTGCAGGGGATGCCCATCGTTTACTGTGAGAAAATTAGAGTGTTCAAAGCAGGCTTATGCCGTTGAATATGTTAGCATGGAATAATAAGATAGGACCTCGGTACTATTTTGTTGGTTTGCGCACCGAGGTAATGATTAATAGGGACAGTTGGGGGTATTCGTATTTCATTGTCAGAGGTGAAATTCTTGGATTTCTGAAAGACGAACTACTGCGAAAGCATTTACCAAGGATGTTTTCATTG";34;0;0;0;0;0;0;0;0;0;0;0
"ATTCCAGCTCCAATAGCGTATATTAAAGTTGTTGCAGTTAAAAAGCTCGTAGTTGGATTTGTGGTGTGTCCAGTCGGCCTTTGCTCTTTGAGTGACTGAGCTGTTACTGGTCTGCCATGTTTGGGTGGAATCTGTGTGGCATTAAGTTGTCGTGCAGGGGATACCCATCGTTTACTGTGAAAAAATTAGAGTGTTCAAAGCAGGCTTATGCCTCTGAATATATTAGCATGGAATAATGATATAGGACCTTGGTACTATTTTGTTGGTTTGCGCACTGAGGTAATGATTAAGAGGGACAGTTGGGGGTATTTGTATTCCATTGTCAGAGGTGAAATTCTTGGATTTTTGGAAGACAAACTACTGCGAAAGCATTTACCAAGGATGTTTTCATTA";0;0;0;0;20;14;0;0;0;0;0;0
"ATTCCAGCTCCAATAGCGTATATTAAAGTTGTTGCAGCTAAAAAGCTCGTAGTCGGATTACTGTTGGGAGCGATTGGTCCTTCACTCAGTGTTGGAACCTAATTGTCTCCTACTATCCATGGAGAAAACTTGTCTGGCATTAAGTTGTCGGGTAGGTAATCTCCATCTTTTACTGTGAAAAAATTAGAGTGTTCAAAGCAGGCTTATGCCGTTGAATATATTAGCACGGAATAATAAGATAGGACTATGATACTATCTTGTTGGTTTTTGCACCATGGTAATTATTAATAGGGACAGTTGGGGGTATTCGTATGTCATTGTCAGAGGTGAAATTCTTGGATTTATGGAAAACGAACTACTGCAAAAGAATTTACCAAGGATGTTTTCATTA";0;0;0;0;0;0;0;34;0;0;0;0
"ATTCCAGCTCCAATAGCGTATATTTAAGTTGTTGCAGTTAAAAAGCTCGTAGTTGGATTTCGGTTGGGGGCGGCCGGTCCGCCGTTCGGTGTGCACTGGCTGGTCCCAGCTTCCTGTCGAGGACGCGCTCCTGGGCTTAACGGCTCGGGACGCGGAGTCGGCGTGGTTACTTTGAAAAAATTAGAGTGTTCAAAGCGGGCTTACGCTTGAATATATTAGCATGGAATAACACTATAGGACTCCTATCCTATTTCGTTGGTCTCGGGACGGGAGTAATGATTAAGAGGAACAGTTGGGGGCATTCGTATTTCATTGTCAGAGGTGAAATTCTTGGATTTATGAAAGACGAACTTCTGCGAAAGCATTTGCCAAGGATGTTTTCATCG";0;0;0;0;0;0;0;0;0;0;34;0
"ATTCCAGCTCCAATAGCGTATACTAAAGTTGTTGCAGTTAAAAAGCTCGTAGTTGAATTTCTGGTCTCGGTCATCGGTCTGCCTCGAACGAGGTACGCACCAGTTGACTGAATCCATCCTCGGGGAAAACGTGTCTGTCATTCAGTTGATGGGCTCGGGATCCTCGTCATTTACTGTGAGCAAAATAGAGTGTTCAAAGCAGGCTTATGCCGTTGAATACATTAGCATGGAATAATAAGATAAGACCTTGGTCTATTTTGTTGGTTTGTACTCCAAGGTAATGATTAATAGGGATAGTTGGGGGTATTCGTATTCAATTGTCAGAGGTGAAATTCTTGGATTTATGGAAGACGAACTACTGCGAAAGCATTTACCAAGGATGTTTTCATCA";33;0;0;0;0;0;0;0;0;0;0;0
"ATTCCAGCTCCAATAGCGTATATTAAAGTTGTTGCAGTTAAAAAGCTCGTAGTTGGATTTCTGGTGAGTTCGTTTGGCCGGCCGTAAAGGTCTGTGCCGAAATGTTATTCGCCATCCTTGGTGTAATCTTGTCCGCCATTAAGTTGTGTGGGCTTGAGGATGCCATCGTTTACTGTGAAAAAATTAGAGTGTTCAAAGCAGGCTTATGCCGTTGAATACATTAGCATGGAATAATAAGATAGGACCCTGGTACTATTTTGTTGGTTTGCGTACCTAGGTAATGATTAATAGGGACAGTTGGGGGTATTTATATTCCGTTGTCAGAGGTGAAATTCTTGGATTTACGGAAGATAAACTACTGCGAAAGCATTTACCAAGGATGTTTTCATCA";0;11;0;0;4;4;0;0;0;0;0;14
"ATTCCAGCTCCAATAGCGTATATTAAAGTTGTTGCAGTTAGAACGCTCGTAGTCGGATTTCGGGGCGTTCCGACCGGTCTGCCGATGGGTACGCACTGGTCGGCGCGTCCTTCCTTCCGGAGACCGTGCCTACTCTTAACTGAGCGGGGGCGGGAGACGGATCGTTTACTTTGAAAAAATCAGAGTGTTTCAAGCAGGCAGCTCGCTCTTGCATGGATTAGCATGGGATAATGAAATAGGACTTTGGTGCTATTTTGTTGGTTTCGAACACCGAAGTAATGATTAACAGGGACAGTCAGGGGCACTCGTATTCCGCCGAGAGAGGTGAAATTCTCAGACCAGCGGAAGACGAACCACTGCGAAAGCATTTGCCAGGGATGTTTTCATCG";0;0;0;0;0;0;0;18;0;0;14;0
"ATTCCAGCTCCAATAGCGTATACTAAAGTTGTTGCAGTTAAAAAGCTCGTAGTTGAATTTCTGGATGCGAAAGATGGTCGGCACCTCACGGTGTCTGCACCTATCATTCGCGTTCATCCTCGGGAGGAACGTGTGGTCTCTTCAGTGAGCCCGCTCGGGAATCTCGTCATTTACTGTGAGCAAAATAGAGTGTTCAAAGCAGGCTTATGCCGTTGAATATATTAGCATGGAATAATAAGATACGACTTTGGTCTATTTTGTTGGTTTGCATTCCAAAGTAATGATTAATAGGGATAGTTGGGGGTATTCGTATTCAATTGTCAGAGGTGAAATTCTTGGATTTATGGAAGACGAACTACTGCGAAAGCATTTACCAAGGATGTTTTCATCG";0;31;0;0;0;0;0;0;0;0;0;0
"ATTCCAGCTCCAATAGCGTATATTTAAGTTGTTGCAGTTAAAAAGCTCGTAGTTGGATTTCGGCTTTGGGCGACCGGTCCGCCGTTTCGGTGTGCACTGGTCGGCCTTTGCTTTCTGTCGGGGACGCGCTCTCCTTAATTGGTGACGCGGAGTCGGCGCTGTTACTTTGAAAAAATTAGAGTGTTCAAGGCAGGCTTACGCTCTGAATACTATAGCATGGAATAACACGATAGGACTCCGAGCCTATTTTGTTGGTCTTCGGGACCGGAGTAATGATTAAGAGGGACAGTTGGGGGCATTCGTATTCCGATGTCAGAGGTGAAATTCTTGGATTTTCGGAAGACGAACTTCTGCGAAAGCATTTGCCAAGGATGTTTTCATTA";0;0;31;0;0;0;0;0;0;0;0;0
"ATTCCAGCTCCAATAGCGTATATTAAAGTTGTTGCAGTTAAAAAGCTCGTAGTCGGATTTCGGGGCGGGGCGACCGGTCTGCCGATGGGTATGCACTGGTCGGCGCGTCCTTCCTTCCGGAGACCGTGCCTACTCTTAACTGAGCGGGGGCGGGAGACGGATCGTTTACTTTGAAAAAATCAGAGTGTTTCAAGCAGGCGTCTCGCCTTTGCATGGATTAGCATGGGATAATGAAATAGGACTTTGGTGCTATTTTGTTGGTTTCGAACACCGAAGTAATGATTAACAGGGACAGTCAGGGGCACTCGTATTCCGTCGAGAGAGGTGAAATTCTCAGACCAATGGAAGACGAACAACTGCGAAAGCATTTGCCAGGGATGTTTTCATCG";0;0;0;0;0;31;0;0;0;0;0;0
"ATTCCAGCTCCAATAGCGTATACTAAAGTTGTTGCAGTTAAAAAGCTCGTAGTTGAATTTCTGGTCGTGGCGATCGGTCCGCCCCTCACGGGGTGTGCACCTGGTCTCTACGTCCATCCTCGGGGAGAGCATGCCTGGCATTCAGTTGTCGGGTATGGGATCCTCGTCATTTACTGTGAGCAAAATAGAGTGTTCAAAGCAGGCTTAGGCCGTTGAATACATTAGCATGGAATAATAAGATAGGACCTTGGTCTATTTTGTTGGTTTGCATTCCAAGGTAATGATTAATAGGGATAGTTGGGGGTATTCGTATTCAATTGTCAGAGGTGAAATTCTTGGATTTATGGAAGACGAACTACTGCGAAAGCATTTACCAAGGATGTTTTCATCG";0;0;0;0;0;0;0;15;0;0;16;0
"ATTCCAGCTCCAATAGCGTATATTAAAGTTGTTGCAGTTAAAAAGCTCGTAGTCGGATTTCGGGGCGGGGCGACCGGTCTGCCGATGGGTATGCACTGGTCGGCGCGTCCTTCCTTCCGGAGACCGTGCCTACTCTTAACTGAGCGGGGGCGGGAGACGGATCGTTTACTTTGAAAAAATCAGAGTGTTTCAAGCAGGCGTCTCGCCTTTGCATGGATTAGCATGGGATAATGAAATAGGACTTTGGTGCTATTTTGTTGGTTTCGAACACCGAAGTAATGATTAACAGGGACAGTCAGGGGCACTCGTATTCCGTCGAGAGAGGTGAAATTCTCAGACCAATGGAAGACGAACAACTGCGAAAGCATTTGCCAGGGATGTTTTCATTG";0;0;0;0;0;0;0;0;31;0;0;0
"ATTCCAGCTCCAATAGCGTATATTAAAGTTGTTGCAGTTAAAAAGCTCGTAGTTGAATTTGTGATGTGTCCAGTCGGCCTTTGCTCTTTGAGTGATTGTGCTGTTATTGGTCCGTCATGTTTGGGTGGAATCTGTGTGGCATTAGGTTGTCGTGCAGGGGATGCCCATCGTTTACTGTGAAAAAATTAGAGTGTTCAAAGCAGGCTTATGCCGTTGAATATATTAGCATGGAATAATGATATAGGACCTTGGTACTATTTTGTTGGTTTGCGCACTAAGGTAATGATGAATAGGGACAGTTGGGGGTATTTGTATTCCATTGTCAGAGGTGAAATTCTTGGATTTTTGGAAGACAAACTACTGCGAAAGCATTTACCAAGGATGTTTTCATTG";0;0;0;0;0;0;0;0;31;0;0;0
"ATTCCAGCTCCAATAGCGTATACTAAAGTTGTTGCAGTTAAAAAGCTCGTAGTTGAATTTCTGGTCGTGGCGATCGGTCCGCTCCTCACGGAGTGTGCACCTGGTCTCTACGTCCATCCTCGGGGAGAGCGCGTCTGGCATTCAGTTGTCGGGCGCGGGATCCTCGTCATTTACTGTGAGCAAAATAGAGTGTTCAAAGCAGGCTTAGGCCGTTGAATACATTAGCATGGAATAATAAGATAGGACCTTGGTCTATTTTGTTGGTTTGCATTCCAAGGTAATGATTAATAGGGATAGTTGGGGGTATTCGTATTCAATTGTCAGAGGTGAAATTCTTGGATTTATGGAAGACGAACTACTGCGAAAGCATTTACCAAGGATGTTTTCATCA";30;0;0;0;0;0;0;0;0;0;0;0
"ATTCCAGCTCCAATAGCGTATATTTAAGTTGTTTCAGTAAAAAAACTCGTAGTTGGATTTCGGGCCCAGGTGACCGGTCCGCCGTTTCGGTGTGCACTGGTTAGCTCGGTCTTTCTGCCGGGGACGCGCTCCGTCTTGATTGCCGGACGCGGAGTCGGCGATGTTACTTTGAAAAATTAGAGTATTCAAAGCAGGATTACGCTCTGAATACTGTAGAATGGAATAACACGATAGGACTCCGAGCCTATTTTGTTAGTCTTCGGGACCGGAGTAATGATTAAGAGGGACACTTGGGGGCATTCGTATTAGGGTGTCAGAGGTGAAATTCTTGGATTTCCGTAAGACGAACTTCTGCGAAAGCATTTGCCAAGGATGTTTTCATTA";0;0;0;0;0;30;0;0;0;0;0;0
"ATTCCAGCTCCAATAGCGTATATTAAAGTTGTTGCAGTTAAAAAGCTCGTAGTCGGATTTCGGGGCGGGGCGAGCGGTCTGCCGATGGGTATGCACTGTTCGGCGCGTCCTTCTTTCCGGAGACCGGCCCTACTCTTAGCTGAGCGGGGTCGGGAGACGGAATTTTTACTTTGAAAAAATCAGAGTGTTTAACGCGGGCATCTCGCTTTTGAATGGATTAGCATGGGATAATGAAATAGGACTCGGGTGCTATTTTGTTGGTTTCGAAAACCGGAGTAATGATTAAAAGGGACAGTCAGGGGCACTAGTATTCTGTTGAGAGAGGTGAAATTCTCAGACCAATGGAAGACGAACCACTGCGAAAGCATTTGCCAGGGATGTTTTCATCG";0;0;0;0;0;0;0;0;30;0;0;0
"ATTCCAGCTCCAATAGCGTATATTAAAGTTGTTGCAGTTAAAAAGCTCGTAGTTGGATTTCTGGTGGGGCCGTCGGCCCGGCTCCGAAAGGGGTCGGTTGCTCTGTACGCGCCTGGCCATCCTCGGGGGAAGCTTTGCTGGCATTAAGTTGTCGGCGGAGTGACGCTCGTCGTTTACTGTGAACAAATTAGAGTGTTCAAAGCAGGCTTAGGCCGTTGAATACATTAGCATGGAATAATGAGATAGGACTTTGGTGGTCTATTTTGTTGGTTTGCACGCCGAAGTAATGATTAATAGGGGCGGTTGGGGGTATTCGTATTCAATTGTCAGAGGTGAAATTCTTGGATTTATGGAAGACGAACTACTGCGAAAGCATTTACCAAGGATGTTTTCATCA";0;0;0;0;0;14;0;0;15;0;0;0
"ATTCCAGCTCCAATAGCGTATATTTAAGTTGTTTCAGTAAAAAAGCTCGTAGTTGGATTTCGGGCCCAGGTGACCGGTCCGCCGTTTCGGTGTGCACTGGTTAGCTCGGTCTTTCTGCCGGGGACGCGCTCCGTCTTGATTGCCGGACGCGGAGTCGGCGATGTTACTTTGAAAAATTAGAGTATTCAAAGCAGGATTACGCTCTGAATACTGTAGAATGGAATAACACGATAGGACTCCGAGCCTATTTTGTTAGTCTTCGGGACCGGAGTAATGATTAAGAGGGACACTTGGGGGCATTCGTATTAGGGTGTCAGAGGTGAAATTCTTGGATTTCCGTAAGACGAACTTCTGCGAAAGCATTTGCCAAGGATGTTTTCATCA";0;0;27;0;0;0;0;0;0;0;0;0
"ATTCCAGCTCTAATAGCGTATATTAATGTTGTTGCAGTTAAAAAGCTCGTAGTTGGATTTTGGAGTTTGACAAGTGGTCTGCCTAAGGTGTGTACTGCCTGTCGGCTCTTCTTTTCTGGGGATCTCACTGCTCTTTATTGAGGGGTGTTGAAACGCAGATCTTTTACTTTGAAAAAATTAGAGTGTTCAAAGCAGGCCCACGCATTGAATACATTAGCATGGAATAATGGAATAGGACTTTGGTCTTATTTTGTTGGTTTCTAAGGCCGAGGTAATGATTAATAGGGATAGTTGGGGGCGTTTATATTCCATTGTCAGAGGTGAAATTCTTGGATTTATGGAAGATAAACTACTGCGAAAGCATTCGCCAAGGATGTTTTCATCA";0;24;0;0;2;0;0;0;0;0;0;0
"ATTCCAGCTCCAATAGCGTATATTAAAGTTGTTGCAGTTAAAACGCTCGTAGTCGGATTTCGGGGCGGGCTGCTCGGTCTGCCGATGGGTATGCACTGGGTGGCGCGTCCTTCCTTCCGGAGACCGCGCCTACTCTTAACTGAGCGGGCGCGGGAGACGGAACGTTTACTTTGAAAAAATCAGAGTGTTTCAAGCAGGCATCTCGCTCTTGCATGGATTAGCATGGGATAATGAAATAGGACTTTGGTGCTATTTTGTTGGTTTCGAACACCGAAGTAATGATTAACAGGGACAGTCAGGGGCACTCGTATTCCGTCGAGAGAGGTGAAATTCTCAGACCAACGGAAGACGAACCACTGCGAAAGCATTTGCCAGGGATGTTTTCATTA";0;0;0;0;0;0;0;0;26;0;0;0
"ATTCCAGCTCCAATAGCGTATACTAAAGTTGTTGCAGTTAAAAAGCTCGTAGTTGAATTTCTGGTCTCGGACAGCGGTCTGCCTCAAACGAGGTACGCACCACCTGTTCAGGTCCATCCTCGGAGAAAACATGCCTGTGATTCAGTTCATGGGTATGGGATCTTCGTCATTTACTGTGAGCAAAATAGAGTGTTCAAAGCAGGCTTATGCCGTTGAATACATTAGCATGGAATAATAAGATAGGACCTTGGTCTATTTTGTTGGTTTGTACTCCAAGGTAATGATTAATAGGGATAGTTGGGGGTATTCGTATTCAATTGTCAGAGGTGAAATTCTTGGATTTATGGAAGACGAACTACTGCGAAAGCATTTACCAAGGATGTTTTCATCA";0;0;0;0;0;0;0;0;0;0;23;3
"ATTCCAGCTCCAATAGCGTATATTAAAGTTGTTGCAGTTAAAAAGCTCGTAGTTGGATTTGTGGTGTGTCCAGCTGGCCTTTGCTCTTTGAGTGATTGTGCTGTGCTGGTCTGCCATGTTTGGGTGGAATCTGTGTGGCATTAAGTTGTCGTGCAGGGGATGCCCATCGTTTACTGTGAAAAAATTAGAGTGTTCAAAGCAGGCTTATGCCGTTGAATATATTAGCATGGAATAATGATATAGGACCTTGGTACTATTTTGTTGGTTTGCGCACTAAGGTAATGATTAAGAGGGACAGTTGGGGGTATTTGTATTCCATTGTCAGAGGTGAAATTCTTAGATTTTTGGAAGACAAACTACTGCGAAAGCATTTACCAAGGATGTTTTCATCG";0;0;0;0;0;0;0;0;25;0;0;0
"ATTCCAGCTCCAATAGCGTATATTTAAGTTGTTGCAGTTAAAAAGCTCGTAGTTGGATTTCGGGTGTAAACTGCCGGTCCGTCTTTGATGTGTACTGGTTGGTTGCGCCTTATTGTCGAGGACGTGGTTCTGGCTTTCATTAGCTGGGACACGGAGTCGGCAGCGTTACTTTGAGAAAATTAGAGTGTTCAAAGCAGGCTATCGCTCTGAATACTACAGCATGGAATAACACGATAGGACTCCGAGCCTATTCTGTTGGTCTTCGGGACCGGAGTAATGATTAAGAGGGACAGTTGGGGGCATTCGTATTCCGATGTCAGAGGTGAAATTCTTGGATTATCGGAAGACGAACATCTGCGAAAGCATTTGCCAAGGATGTTTTCATCG";0;0;6;0;0;18;0;0;0;0;0;0
"ATTCCAGCTCCAATAGCGTATATTAAAGTTGTTGCAGTTAAAAAGCTCGTAGTTGGATTTGTGGTGTATGCCGGCGGCCTGGTACATTGTACCGGAGTTTGCTTGCGTCGCCATCCTTGGGTGGATCCTGTGTGGCATTAAGTTGTCGTGTAGGGGATGCCCATCGTTTACTGTGAAAAAATTAGAGTGTTCAAAGCAGGCTTATGCCGTTGAATATATTAGCATGGAATAATAAGATAGGACCTTGGTACTATTTTGTTGGTTTGCGCACCAAGGTAATGATTAATAGGGACAGTTGGGGGTATTCGTATTCCATTGTCAGAGGTGAAATTCTTGGATTTTTGGAAGACGAACTACTGCGAAAGCATTTACCAAGGATGTTTTCATTG";0;0;0;0;0;24;0;0;0;0;0;0
"ATTCCAGCTCCAATAGCGTATATTAAAGTTGTTGCAGTTAGAACGCTCGTAGTCGGATTTCGGGGCGTTCCGACCGGTCTGCCGATGGGTACGCACTGGTCGGCGCGTCCTTCCTTCCGGAGACCGTGCCTACTCTTAACTGAGCGGGGGCGGGAGACGGATCGTTTACTTTGAAAAAATCAGAGTGTTTCAAGCAGGCAGCTCGCTCTTGCATGGATTAGCATGGGATAATGAAATAGGACTTTGGTGCTATTTTGTTGGTTTCGAACACCGAAGTAATGATTAACAGGGACAGTCAGGGGCACTCGTATTCCGCCGAGAGAGGTGAAATTCTCAGACCAGCGGAAGACGAACCACTGCGAAAGCATTTGCCAGGGATGTTTTCATCA";0;0;0;0;0;0;0;12;0;0;12;0
"ATTCCAGCTCCAATAGCGTATATTTAAGTTGTTGCAGTTAAAAAGCTCGTAGTCGGATTTCGGGCGGTGCCGGCCGGTCCGCCGTTTCGGTGTGCACTGGCTGGCGCCGTCTTCTTGCCGAGGACACGCTCCTGGCCTTAACTGGCTGGGACGTGGAGTCGGCGCCGTTACTTTGAAAAAATTAGAGTGTTCAAAGCGGGCTTACGCTTGAATATATTAGCATGGAATAACACCATAGGACTCCTGTCCTATTTCGTTGGTCTCGGGACGGGAGTAATGATTAAGAGGAACAGTTGGGGGCATTCGTATTTCATTGTCAGAGGTGAAATTCTTGGATTTATGAAAGACGAACTTCTGCGAAAGCATTTGCCAAGGATGTTTTCATTA";0;0;0;0;0;0;0;7;0;0;17;0
"ATTCCAGCTCCAATAGCGTATACTAAAGTTGTTGCAGTTAAAAAGCTCGTAGTTGAATTTCTGGATGCGAAAGATGGTCGGCACCTCACGGTGTCTGCACCTATCATTCGCGTTCATCCTCGGGAGGAACGTGTGGTCTCTTCAGTGAGCCCGCTCGGGAATCTCGTCATTTACTGTGAGCAAAATAGAGTGTTCAAAGCAGGCTTATGCCGTTGAATATATTAGCATGGAATAATAAGATACGACTTTGGTCTATTTTGTTGGTTTGCATTCCAAAGTAATGATTAATAGGGATAGTTGGGGGTATTCGTATTCAATTGTCAGAGGTGAAATTCTTGGATTTATGGAAGACGAACTACTGCGAAAGCATTTACCAAGGATGTTTTCATTA";0;23;0;0;0;0;0;0;0;0;0;0
"ATTCCAGCTCCAATAGCGTATATTAAAGTTGTTGCAGTTAGAACGCTCGTAGTCGGATTTCGGGGCGTTCCGACCGGTCTGCCGATGGGTACGCACTGGTCGGCGCGTCCTTCCTTCCGGAGACCGTGCCTACTCTTAACTGAGCGGGGGCGGGAGACGGATCGTTTACTTTGAAAAAATCAGAGTGTTTCAAGCAGGCAGCTCGCTCTTGCATGGATTAGCATGGGATAATGAAATAGGACTTTGGTGCTATTTTGTTGGTTTCGAACACCGAAGTAATGATTAACAGGGACAGTCAGGGGCACTCGTATTCCGCCGAGAGAGGTGAAATTCTCAGACCAGCGGAAGACGAACTACTGCGAAAGCATTTGCCAGGGATGTTTTCATCG";22;0;0;0;0;0;0;0;0;0;0;0
"ATTCCAGCTCCAATAGCGTATATTAAAGTTGTTGCAGTTAGAACGCTCGTAGTCGGATTTCGGGGCGGGGCGACCGGTCTGCCGATGGGTATGCACTGGTCGGCGCGTCCTTCCTTCCGGAGACCGTTCCTACTCTTAACTGAGCGGGGGCGGGAGACGGATCGTTTACTTTGAAAAAATCAGAGTGTTTCAAGCAGGCAGCTCGCTCTTGCATGGATTAGCATGGGATAATGAAATAGGACTTTGGTGCTATTTTGTTGGTTTCGAACACCGAAGTAATGATTAAAAGGGACAGTCAGGGGCACTCGTATTCCGCCGAGAGAGGTGAAATTCTCAGACCAGCGGAAGACGAACCACTGCGAAAGCATTTGCCAGGGATGTTTTCATTA";0;0;0;0;0;0;0;0;0;0;22;0
"ATTCCAGCTCCAATAGCGTATATTAAAGTTGTTGCAGTTAAAAAGCTCGTAGTTGAATTTCTGGTGGGAGCGATCGGTCCATCCTTCACTGGTTGGAACCTGATTGTCTCCCGCCATCCATGGAGAGAACTTATCTGGCATTAAGTTGTCGGGTTGACAATCTTCATCTTTTACTGTGAAAAAATTAGAGTGTTCAAAGCAGGCTTATGCCGTTGAATATATTAGCATGGAATAATAAGATAGGACTATGGTACTATTTTGTTGGTTTGTGCACCATGGTAATGATTAATAGGGACAGTTGGGGGTATTCGTATTCCATTGTCAGAGGTGAAATTCTTGGATTTATGGAAGACGAACTACTGCGAAAGCATTTACCAAGGATGTTTTCATCA";0;0;0;0;0;0;21;0;0;0;0;0
"ATTCCAGCTCCAATAGCGTATATTAATGTTGTTGCAGTTAAAAAGCTCGTAGTTGGATTTCTGGTTGGACCGCGATGCCGGACTCGCAAGGGTTCGTGATTGTTGTGGTTTCCTTCCATCCTCAGGTTTGCGCGTGCTGGCCTTAACTGGTCGGTGTGTGTGGTCCTGTCGTTTACTGTGAACAAATTAGAGTGTTCAAAGCAAGGTGTACTTGAATACATTAGCATGGAATAATAAGATAGGACTTTGGTGGTTCTTTTTGATATTTTGTTGGTTTGCACGCCAAAGTAATGATTAATAGGAGCAGTTGGGGGTATTCGTATTCAATTGTCAGAGGTGAAATTCTTGGATTTATAGAAGACGAACTACTGCGAAAGCATTTACCAAGGATGTTTTCATCG";0;0;0;0;0;0;0;0;0;0;21;0
"ATTCCAGCTCCAATAGCGTATATTTAAGTTGTTTCAGTAAAAAAACTCGTAGTTGGATTTCGGGCCCAGGTGACCGGTCCGCCGTTTCGGTGTGCACTGGTTAGCTCGGTCTTTCTGCCGGGGACGCGCTCCGTCTTGATTGCCGGACGCGGAGTCGGCGATGTTACTTTGAAAAATTAGAGTATTCAAAGCAGGATTACGCTCTGAATACTGTAGAATGGAATAACACGATAGGACTCCGAGCCTATTTTGTTAGTCTTCGGGACCGGAGTAATGATTAAGAGGGACACTTGGGGGCATTCGTATTAGGGTGTCAGAGGTGAAATTCTTGGATTTCCGTAAGACGAACTTCTGCGAAAGCATTTGCCAAGGATGTTTTCATCG";0;0;0;0;0;20;0;0;0;0;0;0
"ATTCCAGCTCCAATAGCGTATATTAAAGTTGTTGCAGTTAAAAAGCTCGTAGTCGGATTTCGGGTCGGGCCGAGCGGTCTGCCGATGGGTATGCACTGTTCGGCGCGGCCTTCTTTCCGGAGACCGCGGCTACTCTTAACTGAGCGGGCGTGGGAGACGGATCGTTTACTTTGAAAAAATCAGAGTGTTTCAAGCAGGCAGCTCGCTCTTGCATGGATTAGCATGGGATAATGAAATAGGACTCAGGTGCTATTTTGTTGGTTTCGAACACCGGAGTAATGATTAACAGGGACAGTCAGGGGCACTCGTATTCCGTCGAGAGAGGTGAAATTCTCAGACCAATGGAAGACGAACCACTGCGAAAGCATTTGCCAGGGATGTTTTCATCG";0;0;0;0;0;0;0;0;20;0;0;0
"ATTCCAGCTCCAATAGCGTATATTAATGTTGTTGCAGTTAAAAAGCTCGTAGTTGGATTCCTGGCACGGGGTAGCCGGTCCGCCTTGCAAAAGGTGCGCACTGCGCGGCCTCGGCCATCCTTGGGAAGAGCGGTCCTGGCATTAAGTTGTCGGGGTCGGGATTCCCGACGTTTACTGTGAAAAAATCAGAGTGTTCAACGCAGGCTTACGCCTTGAATACATTAGCATGGAATAATGAGATAGGACCTTGGCGGTCTATTTTGTTGGTTTGCACGCCGAGGTAATGATTAAAAGGGACGGTTGGGGTTCTTCGTATTCAATTGTCAGAGGTGAAATTCTTGGATTTATGGAAGACGAACTGCTGCGAAAGCGTCGAACAAGGACGTTCTCATCG";0;0;0;0;0;0;0;0;0;0;20;0
"ATTCCAGCTCCAATAGCGTATATTAAAGTTGTTGCAGTTAAAAAGCTCGTAGTCGGATTTCGGGGCGGGGCGAGCGGTCTGCCGATGGGTATGCACTGTTCGGCGCGTCCTTCTTTCCGGAGACCGGTCCTACTCTTAGCTGAGCGGGGTCGGGAGACGGAATATTTACTTTGAAAAAATCAGAGTGTTTAACGCGGGCATCTCGCTTTTGAATGGATTAGCATGGGATAATGAAATAGGACTCGGGTGCTATTTTGTTGGTTTCGAAAACCGGAGTAATGATTAAAAGGGACAGTCAGGGGCACTAGTATTCTGTTGAGAGAGGTGAAATTCTCAGACCAATGGAAGACGAACCACTGCGAAAGCATTTGCCAGGGATGTTTTCATCA";0;0;0;0;0;0;0;0;0;0;0;20
"ATTCCAGCTCCAATAGCGTATATTAATGTTGTTGCAGTTAAAAAGCTCGTAGTTGGATTTCTGGTCGGAACGCCGGTCCGGCTCCGCAAGGGGTCGTGTATTGGTTTCTCCTGCCATCCTCAGGGGGAGCTGCGCTGGTATTTATTTATCGGCGTGGTTACGCCTGTCGTTTACTGTGAACAAATTAGAGTGTTCAAAGCAAGGTGTACTTGAATACATTAGCATGGAATAATAAGATAGGACTTTGGTGGTTCTTTTTGATATTTTGTTGGTTTGCACGCCAAAGTAATGATTAATAGGAGCAGTTGGGGGTATTCGTATTCAATTGTCAGAGGTGAAATTCTTGGATTTATAGAAGACGAACTACTGCGAAAGCATTTACCAAGGATGTTTTCATCG";0;19;0;0;0;0;0;0;0;0;0;0
"ATTCCAGCTCCAATAGCGTATATTAATGTTGTTGCAGTTAAAAAGCTCGTAGTTGGATTTCTGGTCGGAACGCCGGTCCGGCTCCGCAAGGGGTCGTGTATTGGTTTCTCCTGCCATCCTCAGGGGGAGCTGCGCTGGTATTTATTTATCGGCGTGGTTACGCCTGTCGTTTACTGTGAACAAATTAGAGTGTTCAAAGCAAGGTGTACTTGAATACATTAGCATGGAATAATAAGATAGGACTTTGGTGGTTCTTTTTGATATTTTGTTGGTTTGCACGCCAAAGTAATGATTAATAGGAGCAGTTGGGGGTATTCGTATTCAATTGTCAGAGGTGAAATTCTTGGATTTATAGAAGACGAACTACTGCGAAAGCATTTACCAAGGATGTTTTCATTA";0;19;0;0;0;0;0;0;0;0;0;0
"ATTCCAGCTCCAATAGCGTATATTTAAGTTGTTGCAGTTAAAAAGCTCGTAGTTGGATTTCGGGTGTAAACTGCCGGTCCGTCTTTGATGTGTACTGGTTGGTTGCGCCTTATTGTCGAGGACGTGGTTCTGGCTTTCATTAGCTGGGACACGGAGTCGGCAGCGTTACTTTGAGAAAATTAGAGTGTTCAAAGCAGGCTATCGCTCTGAATACTACAGCATGGAATAACACGATAGGACTCCGAGCCTATTCTGTTGGTCTTCGGGACCGGAGTAATGATTAAGAGGGACAGTTGGGGGCATTCGTATTCCGATGTCAGAGGTGAAATTCTTGGATTATCGGAAGACGAACATCTGCGAAAGCATTTGCCAAGGATGTTTTCATCA";0;0;4;0;0;5;0;0;0;0;0;10
"ATTCCAGCTCCAATAGCGTATATTAATGTTGTTGCAGTTAAAAAGCTCGTAGTTGGATTTCTGATCGGTTCGGTTATCCGGGTCCGCAAGGATCCGTGTGTATCGTAACCTGTCATCCTCAGGGGGAGACTTCACTGGCATTCAGTTGTCGGTGTGTCGACGCCTGTCGTTTACTGTGAACAAATTAGAGTGTTCAAAGCAAGGTGTTCTTGAATACATTAGCATGGAATAATAAGATAGGACTCTGACGGTTCTTTTTGATATTTTGTTGGTTTGCACGCCAGAGTAATGATTAATAGGAGCAGTTGGGGGTATTCGTATTCAATTGTCAGAGGTGAAATTCTTGGATTTATAGAAGACGAACTACTGCGAAAGCATTTACCAAGGATGTTTTCATTA";0;0;0;0;0;0;0;0;19;0;0;0
"ATTCCAGCTCCAATAGCGTATATTAATGTTGTTGCAGTTAAAAAGCTCGTAGTTGGATTTCTGGTTGGACCGCGATGCCGGACTCGCAAGGGTTCGTGATTGTTGTGGTTTCCTTCCATCCTCAGGTTTGCGCGTGCTGGCCTTAACTGGTCGGTGTGTGTGGTCCTGTCGTTTACTGTGAACAAATTAGAGTGTTCAAAGCAAGGTGTACTTGAATACATTAGCATGGAATAATAAGATAGGACTTTGGTGGTTCTTTTTGATATTTTGTTGGTTTGCACGCCAAAGTAATGATTAATAGGAGCAGTTGGGGGTATTCGTATTCAATTGTCAGAGGTGAAATTCTTGGATTTATAGAAGACGAACTACTGCGAAAGCATTTACCAAGGATGTTTTCATTG";0;0;0;0;0;0;0;0;0;0;19;0
"ATTCCAGCTCCAATAGCGTATATTTAAGTTGTTGCAGTTAAAAAGCTCGTAGTTGGATTTCGGGAGTGGAACGCCGGTCCGCCATACGGTGTGCACTGGCGGCCCATTCCTTCTTGTCGGAATGTGCGTCTTCATTGATGTACAGGTCGGCGCTGTTACTTTGAAAAAATTAGAGTGTTCAAAGCAGGCTTACGCTTGAATACATTAGCATGGAATAACATGAGAGGACTCCGCTCCTATTGTGTTGGTCTTCGGGACTGGAGTAATGATTAAGAGGGACAGTTGGGGGCATTCGTATTACGTTGTCAGAGGTGAAATTCTTGGATTTACGTAAGACGAACTTCTGCGAAAGCATTTGCCAAGGATGTTTTCATTA";0;0;0;0;0;18;0;0;0;0;0;0
"ATTCCAGCTCCAATAGCGTATATTAAAGTTGTTGCAGTTAAAAAGCTCGTAGTTGAATTTCTGGTGGGAGCGATCGGTCCATCCTTCACTGGTTGGAACCTGATTGTCTCCCGCCATCCATGGAGAGAACTTATCTGGCATTAAGTTGTCGGGTTGACAATCTTCATCTTTTACTGTGAAAAAATTAGAGTGTTCAAAGCAGGCTTATGCCGTTGAATATATTAGCATGGAATAATAAGATAGGACTATGGTACTATTTTGTTGGTTTGTGCACCATGGTAATGATTAATAGGGACAGTTGGGGGTATTCGTATTCCATTGTCAGAGGTGAAATTCTTGGATTTATGGAAGACGAACTACTGCGAAAGCATTTACCAAGGATGTTTTCATCG";0;0;0;0;0;0;18;0;0;0;0;0
"ATTCCAGCTCCAATAGCGTATATTAAAGTTGTTGCAGTTAAAAAGCTCGTAGTTGGATTTCTGGTGGGGCCGTCGGCCCGGCTCCGAAAGGGGTCGGTTGCTCTGTACGCGCCTGGCCATCCTCGGGGGAAGCTTTGCTGGCATTAAGTTGTCGGCGGAGTGACGCTCGTCGTTTACTGTGAACAAATTAGAGTGTTCAAAGCAGGCTTAGGCCGTTGAATACATTAGCATGGAATAATGAGATAGGACTTTGGTGGTCTATTTTGTTGGTTTGCACGCCGAAGTAATGATTAATAGGGGCGGTTGGGGGTATTCGTATTCAATTGTCAGAGGTGAAATTCTTGGATTTATGGAAGACGAACTACTGCGAAAGCATTTACCAAGGATGTTTTCATCG";0;0;0;0;0;0;0;0;0;0;0;18
"ATTCCAGCTCCAATAGCGTATACTAAAGTTGTTGCAGTTAAAAAGCTCGTAGTTGAATTTCTGGTCTTGGACGGCGGTCTGCCTCAAACGAGGTACGTATCATCTGTCCGGGTCCATCCTCGGGGAAAATATATCTGTGATTAAGTTCATGGGTATAGGATCCTCGTCATTTACTGTGAGCAAAATAGGGTGTTCAAAGCAGGCTTATGCCGTTGAATACATTAGCATGGAATAATAAGATAAGACCTTGGTCTATTTTGTTGGTTTGCATTCCAAGGTAATGATTAATAGGGACAGTTGGGGGTATTCGTATTCAATTGTCAGAGGTGAAATTCTTGGATTTATGGAAGACGAACTACTGCGAAAGCATTTACCAAGGATGTTTTCATCA";17;0;0;0;0;0;0;0;0;0;0;0
"ATTCCAGCTCCAATAGCGTATATTAATGTTGTTGCAGTTAAAAAGCTCGTAGTCGGATTTCGGGTCGGGCCGAGCGGTCTGCCGATGGGTATGCACTGTTTGGCGCGGCCTTCTTTCCGGAGACCGCGGCTACTCTTAACTGAGCGGGCGTGGGAGACGGATCGTTTACTTTGAAAAAATCAGAGTGTTTCAAGCAGGCAGCTCGCTCTTGCATGGATTAGCATGGGATAATTGAATAGGACTCTGGTGCTATTTTGTTGGTTTCGAACACCGGAGTAATGATTAACAGGGACAGTCAGGGGCACTCGTATTCCGTCGAGAGAGGTGAAATTCTCAGACCAATGGAAGACGAACCACTGCGAAAGCATTTGCCAGGGATGTTTTCATTA";0;17;0;0;0;0;0;0;0;0;0;0
"ATTCCAGCTCCAATAGCGTATATTAAAGTTGTTGCAGTTAAAAAGCTCGTAGTTGGATTTGTGGTGTATGCCGGCGGCCTGGTACATTGTACCGGAGTTTGCTTGCGTCGCCATCCTTGGGTGGATCCTGTGTGGCATTAAGTTGTCGTGCAGGGGATGCCCATCGTTTACTGTGAAAAAATTAGAGTGTTCAAAGCAGGCTTATGCCGTTGAATATATTAGCATGGAATAATAAGATAGGACTATGGTACTATTTTGTTGGTTTGTGCACCATGGTAATGATTAATAGGGACAGTTGGGGGTATTCGTATTCCATTGTCAGAGGTGAAATTCTTGGATTTATGGAAGACGAACTACTGCGAAAGCATTTACCAAGGATGTTTTCATCA";0;0;0;5;0;0;1;0;0;11;0;0
"ATTCCAGCTCCAATAGCGTATATTTAAGTTGTTGCAGTTAAAAAGCTCGTAGTTGGATTTCGGGTGTAAACTGCCGGTCCGTCTTTGATGTGTACTGGTTGGTTGCGCCTTATTGTCGAGGACGTGGTTCTGGCTTTCATTAGCTGGGACACGGAGTCGGCAGCGTTACTTTGAGAAAATTAGAGTGTTCAAAGCAGGCTATCGCTCTGAATACTACAGCATGGAATAACACGATAGGACTCCGAGCCTATTCTGTTGGTCTTCGGGACCGGAGTAATGATTAAGAGGGACAGTTGGGGGCATTCGTATTCCGATGTCAGAGGTGAAATTCTTGGATTATCGGAAGACGAACATCTGCGAAAGCATTTGCCAAGGATGTTTTCATTA";0;0;0;0;0;17;0;0;0;0;0;0
"ATTCCAGCTCCAATAGCGTATATTAAAGTTGTTGCAGTTAAAAAGCTCGTAGTTGGATTTCTGGTGGGCGCGACCGGTCCGCCCCGCAAGGGGTGAGCACTGGCGTCGCCGTCCGCCATCTTTGGGGAGAGGGCGTTGGGCATTCAGTTGTTCGGCGTCGGATCCCCATCGCTTACTGTGAGAAAATTAGAGTGTTCAAAGCAGGCTTACGCCTTGAATACATTAGCATGGAATAATAGTCGAGGCTCTTGGTCTGACTTGTTGGTTTGCAGCCCGAGAGAATGATTCAATAGGGATAGTTGGGGGTATTCGTATTCAATTGTCAGAGGTGAAATTCTTGGATTTATGGAAGACGAACTACTGCGAAAGCATTTACCAAGGATGTTTTCATCA";0;0;0;0;0;17;0;0;0;0;0;0
"ATTCCAGCTCCAATAGCGTATACTAAAGTTGTTGCAGTTAAAAAGCTCGTAGTTGAATTTCTGGTCTTGGACGGCGGTCTATCACAATTGTGGTACGCACCAACTGTCCGAGTCCATCCTCGGGGAAAACATGCCTGTGATTTAGTTCATGGGTATGGGATCCTCGTCATTTACTGTGAGCAAAATAGAGTGTTCAAAGCAGGCTTATGCCGTTGAATACATTAGCATGGAATAATAAGATAGGACCTTGGTCTATTTTGTTGGTTTGTACTCCAAGGTAATGATTAATAGGGATAGTTGGGGGTATTCGTATTCAATTGTCAGAGGTGAAATTCTTGGATTTATGGAAGACGAACTACTGCGAAAGCATTTACCAAGGATGTTTTCATCA";0;0;0;0;0;0;0;0;17;0;0;0
"ATTCCAGCTCCAATAGCGTATATTAAAGTTGTTGCAGTTAAAAAGCTCGTAGTTGGATTTCTAGCGGACGCGTCTGGTCTGCTCCGCGAGGAGTCGGTACTGAGTCGTCGTCTGTTATCCTTGAGGAGAATATTCCTGGCATTGAGTTGTCGGGAATAGTATCCTCATCGTTTACTGTGAAAAAATTAGAGTGTTCAAAGCAAGCTTAGGCTCTGAATATATTAGCATGGAATAATAAGATAAGACCCTGGTGGTTTATTTTGTTGGTTTGCACGCCGAGGTAATGATTAATAGGGATAGTTGGGGGTATTCGTATTCAATTGTCAGAGGTGAAATTCTTGGATTTATGGAAGACGAACTACTGCGAAAGCATTTACCAAGGATGTTTTCATCA";0;0;16;0;0;0;0;0;0;0;0;0
"ATTCCAGCTCCAATAGCGTATATTAATGTTGTTGCAGTTAAAAAGCTCGTAGTTGGATTTCTGGGTTCTTCGCTAGCTTTGGTCCGCAAGGGCTTCAGTGGGCTGTTTGAATCCATCCTCAGGGGGACTTATGCTGGTATTTATTTATCGGTGTAGGAACGCCTGTCGTTTACTGTGAACAAATTAGAGTGTTCAAAGCAAGGTGTACTTGAATACATTAGCATGGAATAATAAGATAGGACTTTGGTGGTTCTTTTTGATATTTTGTTGGTTTGCACGCCAAAGTAATGATTAATAGGAGCAGTTGGGGGTATTCGTATTCAATTGTCAGAGGTGAAATTCTTGGATTTATAGAAGACGAACTACTGCGAAAGCATTTACCAAGGATGTTTTCATTA";0;0;0;3;0;13;0;0;0;0;0;0
"ATTCCAGCTCCAATAGCGTATATTAAAGTTGTTGCAGTTAAAAAGCTCGTAGTTGAATTTCTGGTGGGAGCGATCGGTCCATCCTTCACTGGTTGGAACCTGATTGTCTCCCGCCATCCATGGAGAGAACTTATCTGGCATTAAGTTGTCGGGTTGACAATCTTCATCTTTTACTGTGAAAAAATTAGAGTGTTCAAAGCAGGCTTATGCCGTTGAATATATTAGCATGGAATAATAAGATAGGACTATGGTACTATTTTGTTGGTTTGTGCACCATGGTAATGATTAATAGGGACAGTTGGGGGTATTCGTATTCCATTGTCAGAGGTGAAATTCTTGGATTTATGGAAGACGAACTACTGCGAAAGCATTTACCAAGGATGTTTTCATTA";0;0;0;0;0;0;16;0;0;0;0;0
"ATTCCAGCTCCAATAGCGTATACTAAAGTTGTTGCAGTTAAAAAGCTCGTAGTTGAATTTCTGGTCGTGGTAATCGGTCAGCTCCTCACGGAGTTCGTACCAGGTTACCGCGTCCATCCTCGGGGAGAGCATATCGGGCATTAAGTTGTCTGGTGTGGGATCCTCGTCATTTACTGTGAGCAAAATAGAGTGTTCAAAGCAGGCTTAGGCCGTTGAATACATTAGCATGGAATAATAAGATAGGACCTTGGTCTATTTTGTTGGTTTGCGTTCCAAGGTAATGATTAATAGGGATAGTTGGGGGTATTCGTATTCAATTGTCAGAGGTGAAATTCTTGGATTTATGGAAGACGAACTACTGCGAAAGCATTTACCAAGGATGTTTTCATCA";0;0;0;0;0;0;0;4;0;0;12;0
"ATTCCAGCTCCAATAGCGTATATTAAAGTTGTTGCAGTTAAAAAGCTCGTAGTTGGATTTGTGGTTGAGCTGTCCGGTCCGACACTTTTGTGTGGGTACTTGGACGGCTCGTCCATCCTTGGGTGGAATCTGTGTGGCATTAGGTTGTCGTGCAGGGGATGCCCATCTTTTACTGTGAAAAAATTAGAGTGTTCAAAGCAGGCTTATGCCGTTGAATATATTAGCATGGAATAATAAGATAGGACCTTGGTACTATTTTGTTGGTTTGCGCACCAAGGTAATGATTAATAGGGACAGTTGGGGGTATTCGTATTCCATTGTCAGAGGTGAAATTCTTGGATTTTTGGAAGACGAACTACTGCGAAAGCATTTACCAAGGATGTTTTCATCG";0;0;0;0;0;0;0;0;9;0;0;7
"ATTCCAGCTCCAATAGCGTATATTAAAGTTGTTGCAGTTAAAAAGCTCGTAGTTGGATTTCTGGTGGGAGCGATCGGTCTGGCGCTTAGCGCGAGTACTTGCATCGTCTCCGGCCATCCTTGGGGAGAGTCTGTCTGGCATTAAGTTGTCGGGCAGAGGATCCTCATCGTTTACTGTGAAAAAATTAGAGTGTTCAAAGCAGGCTTATGCCGTTGAATATATTAGCATGGAATAATAAGATAGGACTTTGGTACTATTTTGTTGGTTTGCGCACCAAAGTAATGATTAATAGGGACAGTTGGGGGTATTCGTATTCCGTTGTCAGAGGTGAAATTCTTGGATTTACGGAAGACGAACTACTGCGAAAGCATTTACCAAGGATGTTTTCATTA";0;0;0;0;0;0;0;0;0;16;0;0
"ATTCCAGCTCCAATAGCGTATATTAAAGTTGTTGCAGTTAAAAAGCTCGTAGTTGGATTTCTGGTAGAAGTAGTGACCTTGGGTCTTTGACCTATGAAGTTGCTATCTTCAACCATCCTTGAAGAGATTTAGTTTGGCATTAAGTTGTCGAACTAAAGATATTCATCTTTTACTGTGAAAAAATCAGAACGTTCAAAGTAAGCATTTAGCTTTGAATGTATTAGCATGGAATAATGAAATAGGACTTAGGTACTACTTTGTTGGTTTATGCACCTAGGTAATGATTAATAGGGATAGTTGGGGGTATTCGTATTCCAATGTTAGAGGTGAAATTCTTGGATTTTTGGAAGACGAACAACTGCGAAAGCATTTACCAAGGATGTTTTCATCA";0;0;0;0;0;0;0;0;14;0;0;0
"ATTCCAGCTCCAATAGCGTATATTAAAGTTGTTGCAGTTAAAAAGCTCGTAGTTGGATTTCTAACGGATGCGTCTGGTCTGCCCCGCGAGGGGTTTGCACTGAGTTCGTCGTCTGTTATCCTTGGAGAGAGCGGCTCTGGCATTCAGTTGTCGGGGTCGTGGTCTCCATCGTTTACTGTGAAAAAATTAGAGTGTTCAAAGCAAGCTTAGGCTCTGAATATATTAGCATGGAATAATAAGATAGGACCTTGGTGGTCTATTTTGTTGGTTTGCACGCCGAGGTAATGATTAATAGGGATAGTTGGGGGTATTCGTATTCAATTGTCAGAGGTGAAATTCTTGGATTTATGGAAGACGAACTACTGCGAAAGCATTTACCAAGGATGTTTTCATCA";0;0;0;0;0;0;0;0;14;0;0;0
"ATTCCAGCTCCAATAGCGTATATTAAAGTTGTTGCAGTTAAAAAGCTCGTAGTTGGATTTGTGGTGTGTCCAGTCGGCCTCTGCTCTTTGAGTGGTTGTGCTGTACTGGTCTGCCATGTTTGGGTGGAATCTGTGTGGCATTAAGTTGTCGTGCAGGGGATGCCCATCGTTTACTGTGAAAAAATTAGAGTGTTCAAAGCAGGCTTATGCCGTTGAATATATTAGCATGGAATAATGATATAGGACCTTGGTACTATTTTGTTGGTTTGCGCACTAAGGTAATGATTAAGAGGGACAGTTGGGGGTATTTGTATTCCATTGTCAGAGGTGAAATTCTTAGATTTTTGGAAGACAAACTACTGCGAAAGCATTTACCAAGGATGTTTTCATTA";0;0;0;0;0;0;0;0;0;0;0;14
"ATTCCAGCTCCAATAGCGTATATTTAAGTTGTTGCAGTTAAAAAGCTCGTAGTTGGATTTCGGGCGAGGTTGGCCGGTCCGCCGTTTCGGTGTGCACTGGCTGGTTTCGTCTTATTGTCGAGGACGCGCTTCTGGCCTTTACTGGTCGGGACGCGGAGTCGGCGCAGTTACTTTGAAAAAATTAGAGTGTTCAAAGCGGGCATACGCTTGAATATATTAGCATGGAATAACACTATAGGACTTCTGTTCTATTTTGTTGGTCTTCGGAACGGGAGTAATGATTAAGAGGAACAGTTGGGGGCATTCGTATTTCATTGTCAGAGGTGAAATTCTTGGATTTATGAAAGACGAACTTCTGCGAAAGCATTTGCCAAGGATGTTTTCATTA";13;0;0;0;0;0;0;0;0;0;0;0
"ATTCCAGCTCCAATAGCGTATATTAAAGTTGTTGCAGTTAAAAAGCTCGTAGTTGGATTTCTGGTGGGCGCGACCGGTCCGCCCCGAAAGGGGTGTGCACTGGCGTCGCCGTCCGCCATCCTTGGGGAGAGCGCGTCTGGCATTCGGTTGTCGGGCGTGGGATCCCCATCGTTTACTGTGAGAAAATTAGAGTGTTCAAAGCAGACTAACGTCTTGAATACATTAGCATGGAATAATAGTCGAGGCTTTCGGTCTGACTTGTTGGTTTGCAGCCCGAGAGAATGATTCAATAGGGATAGTTGGGGGTATTCGTATTCAATTGTCAGAGGTGAAATTCTTGGATTTATGGAAGACGAACTACTGCGAAAGCATTTACCAAGGATGTTTTCATCA";0;0;0;0;0;0;0;0;13;0;0;0
"ATTCCAGCTCCAATAGCATATATTAAAGTTGTTGTAGTTAAAAAGCTCGTAGTTGGATTTCTGGTGGGAGCAATCAGTGTGACCTTATGGTTTCAACTTGTATTGTCTCTGGCCATCTTTGGGGAGAGTCTGTCTGGCATTAGGTTGTCGGGCAGTGGATCTCCATCTTTTACTGTGAAAAAAATAGAGTGTTCAAAGCAGGCTTATGCCAATGAATATATTAGCATGGAATAATCAGATAGGACCCTGGTACTATTTGGTTGGTTTGTGTGCCATGGTAATGATTAATAGGGATAGTTGTGGGTATTTGTATTGCGATGTCAGAGGTGAAATTCTTGGATTTCCGCAAGACAGACAACTGCGAAAGCATTTACCAAGGATGTTTTCATCA";0;0;0;0;0;0;0;0;0;0;0;13
"ATTCCAGCTCCAATAGCGTATATTAAAGTTGTTGCAGTTAAAAAGCTCGTAGTCGGATTTCGGGGCGGGGCGAGCGGTCTGCCGATGGGTATGCACTGTTCGGCGCGTCCTTCTTTCCGGAGACCGGCCCTACTCTTAGCTGAGCGGGGTCGGGATACGGAATTTTTACTTTGAAAAAATCAGAGTGTTTAACGCGGGCATCTCGCTTTTGAATGGATTAGCATGGGATAATGAAATAGGACTCGGGTGCTATTTTGTTGGTTTCGAAAACCGGAGTAATGATTAAAAGGGACAGTCAGGGGCACTAGTATTCTGTTGAGAGAGGTGAAATTCTCAGACCAATGGAAGACGAACCACTGCGAAAGCATTTGCCAGGGATGTTTTCATCA";0;0;0;0;0;12;0;0;0;0;0;0
"ATTCCAGCTCCAATAGCGTATATTTAAGTTGTTGCAGTTAAAAAGCTCGTAGTTGGATTTCTGGTGGGAGCGTTGGGCCGGCCCTAAGGGTCTGTGCTCAAATGTTTTCCGCCATCCTTGAGTGGAACTTTTCTGGCATTCAGTTGTCGGGATTGCTAAACTCATCATTTACTGTGAAAAAATTAGAGTGTTCAAAGCAGGCTTATGCCGTTGAATACATTAGCATGGAATAATAAGATAGGACCCTGGTACTATTTTGTTGGTTTGCGTACCTAGGTAATGATTAATAGGGACAGTTGGGGGTATTTATATTCCGTTGTCAGAGGTGAAATTCTTGGATTTACGGAAGATAAACTACTGCGAAAGCATTTACCAAGGATGTTTTCATCA";0;0;0;0;0;12;0;0;0;0;0;0
"ATTCCAGCTCCAATAGCGTATATTAAAGTTGTTGCAGTTAAAAAGCTCGTAGTTGGATTTCTAGCGGACGCGTCTGGTCTGCTCCGCGAGGAGTCGGTACTGAGTCGTCGTCTGTTATCCTTGAGGAGAATATTCCTGGCATTAAGTTGTCGGGAGTAGTATCCTCATCGTTTACTGTGAAAAAATTAGAGTGTTCAAAGCAAGCTTAGGCTCTGAATATATTAGCATGGAATAATAAGATAGGACCTTGGTGGTCTATTTTGTTGGTTTGCACGCCGAGGTAATGATTAATAGGGATAGTTGGGGGTATTCGTATTCAATTGTCAGAGGTGAAATTCTTGGATTTATGGAAGACGAACTACTGCGAAAGCATTTACCAAGGATGTTTTCATCA";0;0;0;0;0;0;0;0;12;0;0;0
"ATTCCAGCTCCAATAGCGTATATTAAAGTTGTTGCAGTTAAAAAGCTCGTAGTTGGATTTCTAGCGGATGCAACCGGTCTGCTCCGCGAGGAGTGGGACTAGCGTTGTCGTCTGTTATCCTTGAGTTGATCGTGTCTGGCATTTGTTTGTCGGATACGCTACACTCATCGTTTACTGTGAAAAAATTAGAGTGTTCAAAGCAAGCTTAGGCTCTGAATATATTAGCATGGAATAATAAGATAGGACCTTGGTGGTCTATTTTGTTGGTTTGCACGCCGAGGTAATGATTAATAGGGATAGTTGGGGGTATTCGTATTCAATTGTCAGAGGTGAAATTCTTGGATTTATGGAAGACGAACTACTGCGAAAGCATTTACCAAGGATGTTTTCATCA";0;0;0;0;0;0;0;0;12;0;0;0
"ATTCCAGCTCCAATAGCGTATATTAAAGTTGTTGCAGTTAAAAAGCTCGTAGTTGGATTTCTGGCGGGAGCGATCGGTCCTTCACTCAGTGTTGGAACCTGATTGTCTCCTACCATCCATGGAGAAAACTTGTCTGGCATTAAGTTGTCGGGTAGGCAATCTCCATCTTTTACTGTGAAAAAATTAGAGTGTTCAAAGCAGGCTTATGCCGTTGAATATATTAGCATGGAATAATAAGATAGGACTATGGTACTATTTTGTTGGTTTGTGCACCATGGTAATGATTAATAGGGACAGTTGGGGGTATTCGTATTCCATTGTCAGAGGTGAAATTCACTGCGAAAGCATTTACCAAGGATGTTTTCATCG";0;0;0;0;0;0;0;0;0;0;12;0
"ATTCCAGCTCCAATAGCGTATACTAAAGTTGTTGCAGTTAAAAAGCTCGTAGTTGGATTTCTGTTATTAAAAATCGGTCGTGTCCTCACGGATTCTGTACCAGGTTTCTTAATTGCATCTTCAAGGTTCTGGTATCTGGTATTAATTTATCGGGTATTCGGTCCTTGTCATTTACTGTGAGCAAAATAGAGTGTTCAAAGCAGGCTTAGGCCATGAATACATTAGCATGGAATAATAAGATAGGACCTTGGTCTATTTTGTTGGTTTACATTCCAAGGTAATGATTAATAGGGATAGTTGGGGGTATTTGTATTCAATTGTCAGAGGTGAAATTCTTGGATTTATGGAAGACAAACTACTGCGAAAGCATTTACCAAGGATGTTTTCATCA";0;0;11;0;0;0;0;0;0;0;0;0
"ATTCCAGCTCCAATAGCGTATACTAAAGTTGTTGCAGTTAAAAAGCTCGTAGTTGGATTTCTGTTTTGAAGAATGGGTCGTGCCCAAACGGGTTCTGTACTTTTTTCTTCGGAACATCCTCGAAGTTAGCGTGTCTGCCATTCAGTTGGTGGGCTCGGGACCTTCGTCATTTACTGTGAGCAAAATAGAGTGTTCAAAGCAGGCTTAGGCCATGAATATATTAGCATGGAATAATAAGATAGGACCTTGGTCTATTTTGTTGGTTTACATTCCAAGGTAGTGATTAATAGGGATAGTTGGGGGTATTCGTATTCAATTGTCAGAGGTGAAATTCTTGGATTTATGGAAGACGAACTACTGCGAAAGCATTTACCAAGGATGTTTTCATTA";0;0;0;0;0;11;0;0;0;0;0;0
"ATTCCAGCTCCAATAGCGTATATTAAAGTTGTTGCAGTTAAAAAGCTCGTAGTTGGATTTGTGGCGTACGGTGTGGTCCGGGCACTTGTTGTCTGAGTACCCTGCTGTTGCCATCCTTGGGTGGAACCTGTGTGGCATTAGGTTGTCGTGCAGGGGATGCCCATCATTTACTGTGAAAAAATTAGAGTGTTCAAAGCAGGCTTATGCCGTTGAATATATTAGCATGGAATAATGAGATAGGACTTTTTTGCTATTTTGTTGGTTTGCGCAAAGAGGTAATGATTAATAGGGACAGTTGGGGGTATTCGTATTCCATTGTCAGAGGTGAAATTCTTGGATTTTTGGAAGACGAACTACTGCGAAAGCATTTACCAAGGATGTTTTCATCA";0;0;0;0;0;0;0;11;0;0;0;0
"ATTCCAGCTCCAATAGCGTATATTAAAGTTGTTGCAGTTAAAAAGCTCGTAGTTGGGTTTCTGGTGGGAGCGCCCGGTCGTCCCCGAGAGGGGTTGCACTGGTGGCGTCTCCGGCCATCCTCGGGAGGAGCTCGTCTGGCATTAGGTTGTCGGGCGGGTGATGCTCGTCGTTTACTGTGAACAAATTAGAGTGTTCAAAGCAGGCTTAGGCCGTTGAATACATTAGCATGGAATAATGAGATAGGACTTTGGTGGTCTATTTTGTTGGTTTGCACGCCGAAGTAATGATTAATAGGGGCGGTTGGGGGTATTCGTATTCAATTGTCAGAGGTGAAATTCTTGGATTTATGGAAGACGAACTACTGCGAAAGCATTTACCAAGGATGTTTTCATCA";0;0;0;0;0;0;0;11;0;0;0;0
"ATTCCAGCTCCAATAGCGTATATTAAAGTTGTTGCAGTTAAAAAGCTCGTAGTTGGATTTCTGGCAGGAGCGACCGGTCATACACTCTGTGTTTGTACTTGTGTTGTCTCTGGCCATCCTTGGGGAGATCCTGTTTGGCATTAAGTTGTCGGGCAGGGGATACCCATCGTTTACTGTGAAAAAATTAGAGTGTTTAAAGCAGGCTTATGCCGTTGAATATATTAGCATGGAATAATAAGATAGGACTTCGGAACTATTTTGTTGGTTTGCGTTACGAAGTAATGATTAATAGGGACAGTTGGGGGCATTCGTATTTAACTGTCAGAGGTGAAATTCCTGGATTTGTTAAAGACGGACTACTGCGAAAGCATCTGCCATGGATGTTTTCATTG";0;0;0;0;0;0;0;0;11;0;0;0
"ATTCCAGCTCCAATAGCGTATATTAAAGTTGTTGCAGTTAAAAAGCTCGTAGTCGGATTTCAGGGCGGGGCGACCGGTCTGCCGATGGGTATGCACTGGTCGGCGCGTCCTTCCTTCTGGAGACCGTGCCTACTCTTAACTGAGCGGGGACGGGAAACAGATCGTTTACTTTGAAAAAATCAGAGTGTTTAAAGCAGGCCAAGATTGCTCTTGCATGGATTAGCATGGGATAATGAAATAGGACTTTGGTGCTATTTTGTTGGTTTCGAACACCGAAGTAATGATTAATAGGGATAGTCAGGGGCACTCGTATTCCGTCGAGAGAGGTGAAATTCTCAGACCAATGGAAGACGAACTACTGCGAAAGCATTTGCCAGGGATGTTTTCATTG";0;0;0;0;0;0;0;0;11;0;0;0
"ATTCCAGCTCCAATAGCGTATATTAAAGTTGTTGCAGTTAAAAAGCTCGTAGTTGGATTTGTGGTGTGTCCAGTCGGCCTCTGCTCTTTGAGTGGTTGTGCTGTACTGGTCTGCCATGTTTGGGTGGAATCTGTGTGGCATTAAGTTGTCGTGCAGGGGATGCCCATCGTTTACTGTGAAAAAATTAGAGTGTTCAAAGCAGGCTTATGCCGTTGAATATATTAGCATGGAATAATGATATAGGACCTTGGTACTATTTTGTTGGTTTGCGCACTAAGGTAATGATTAAGAGGGACAGTTGGGGGTATTTGTATTCCATTGTCAGAGGTGAAATTCTTAGATTTTTGGAAGACAAACTACTGCGAAAGCATTTACCAAGGATGTTTTCATCA";0;0;0;0;0;0;0;0;11;0;0;0
"ATTCCAGCTCCAATAGCGTATATTTAAGTTGTTGCAGTTAAAAAGCTCGTAGTTGGATTTCGGGTGTGGGGCGCCGGTCCGCTTCGGTGTGCACTGGCGGCCCAGGCCTTCTTGTCGGGGATGCGCTCTGGTATTGATTTATCGAACGCAGAGTCGGCGCAGTTACTTTGAAAAAATTAGAGTGTTCAAAGCAGGCTTTCGCTTGAATACATTAGCATGGAATAACATGATAGGACTCCGATCCCATTGTGTTGGTCTTCGGGACTGGAGTAATGATTAAGAGGGACAGTTGGGGGCATTCGTATTTCATTGTCAGAGGTGAAATTCTTGGATTTATGAAAGACGAACTTCTGCGAAAGCATTTGCCAAGGATGTTTTCATCG";0;0;0;0;0;0;0;0;0;0;11;0
