"";"ATTCCAGCTCCAATAGCGTATATTAAAGTTGTTGCAGTTAAAAAGCTCGTAGTTGGATTTCTGGCAGGAGCGGCCGGTCACGCACTCTGTGTGTGAACTTGCGCTGTCTCTGGCCATCCTTGGGGAGATCCTGTTTGGCATTAAGTTGTCGGGCAGGGGATACCCATCGTTTACTGTGAAAAAATTAGAGTGTTTAAAGCAGGCTTATGCCGTTGAATATATTAGCATGGAATAATAAGATAGGACTTCGGAACTATTTTGTTGGTTTGCGTTACGAAGTAATGATTAATAGGGACAGTTGGGGGTATTCGTATTTCGTTGTCAGAGGTGAAATTCTTGGATTTCCGAAAGACGAACTACTGCGAAAGCATTTACCAAGGATGTTTTCATTA";"ATTCCAGCTCCAATAGCGTATATTAAAGTTGTTGCAGTTAAAAAGCTCGTAGTTGAATTTCTGGTGGGAGTGTACAGTCCGACACTGAGTGTTGGTTCTTGTGTGTCTCCGGCCATCCTTGGAGTGAATCTGTCTGGCATTCAGTTGTTGGGCAGAGTATCTCCATCGTTTACTGTGAGGAAATGAAAGTGTTCAAAGCAGGCTTACGCCGTTGAATCTTTTAGCATGGAATAATAAGATAGGATCTTGATACTATTTTGTTGGTTTGCGTGTTAAGATAATGATGAATAGGGACAGTTGGGGGTATTTGTATTCCATAGTCAGAGGTGAAATTCTTGGATTTATGGAAGACAAACTAATGCGAAAGCATCTACCAAGGATGTTTTCATCA";"ATTCCAGCTCCAATAGCGTATATTAAAGTTGTTGCAGTTAAAAAGCTCGTAGTTGGATTTCTGGCAGGAGCGACCGGTCATACACTCTGTGTTTGTACTTGTGTTGTCTCTGGCCATCCTTGGGGAGATCCTGTTTGGCATTAAGTTGTCGGGCAGGGGATACCCATCGTTTACTGTGAAAAAATTAGAGTGTTTAAAGCAGGCTTATGCCGTTGAATATATTAGCATGGAATAATAAGATAGGACTTCGGAACTATTTTGTTGGTTTGCGTTACGAAGTAATGATTAATAGGGACAGTTGGGGGTATTCGTATTTCGTTGTCAGAGGTGAAATTCTTGGATTTCCGAAAGACGAACTACTGCGAAAGCATTTACCAAGGATGTTTTCATTA";"ATTCCAGCTCCAATAGCGTATATTAAAGTTGTTGCAGTTAAAAAGCTCGTAGTTGGATTTCTGGCAGGAGCGACCGGTCATACACTCTGTGTTTGTACTTGTGTTGTCTCTGGCCATCCTTGGGGAGATCCTGTTTGGCATTAAGTTGTCGGGCAGGGGATACCCATCGTTTACTGTGAAAAAATTAGAGTGTTTAAAGCAGGCTTATGCCGTTGAATATATTAGCATGGAATAATAAGATAGGACTTCGGAACTATTTTGTTGGTTTGCGTTACGAAGTAATGATTAATAGGGACAGTTGGGGGTATTCGTATTTCGTTGTCAGAGGTGAAATTCTTGGATTTCCGAAAGACGAACTACTGCGAAAGCATTTACCAAGGATGTTTTCATCG";"ATTCCAGCTCCAATAGCGTATACTAAAGTTGTTGCAGTTAAAAAGCTCGTAGTTGAATTTCTGGTCGTGGCAATCGGTCAGCCCCTCACGGGGTTCGTACCAGGTTGCTGCGTCCATCCTCGGGGAGAGCACATCGGGCATTCAGTTGTCTGGTGTGGGATCCTCGTCATTTACTGTGAGCAAAATAGAGTGTTCAAAGCAGGCTTAGGCCGTTGAATACATTAGCATGGAATAATAAGATAGGACCTTGGTCTATTTTGTTGGTTTGCGTTCCAAGGTAATGATTAATAGGGATAGTTGGGGGTATTCGTATTCAATTGTCAGAGGTGAAATTCTTGGATTTATGGAAGACGAACTACTGCGAAAGCATTTACCAAGGATGTTTTCATCG";"ATTCCAGCTCCAATAGCGTATACTAAAGTTGTTGCAGTTAAAAAGCTCGTAGTTGGATTTCTGGTCGTGAGATTCGGTCTGCTTCGTAAGGAGTATGTACTAGAATTTCATGTCCATCCTCGGAGTATTGTTATATGGGATTAATTTTTCGTGTAATGATCTCCGTCATTTACTGTGAGTAAACTAGAGTGTTCAAAGCAGGCTTAGGCCGTTGAATACATTAGCATGGAATAATAAGATAAGACCTTGGTCTATTTTGTTGGTTTATTTTCCAAGGTAATGATTAATAGGGATAGTTGGGGGTATTCGTATTCAATTGTCAGAGGTGAAATTCTTGGATTTATGGAAGACGAACTACTGCGAAAGCATTTACCAAGGATGTTTTCATTA";"ATTCCAGCTCCAATAGCGTATACTAAAGTTGTTGCAGTTAAAAAGCTCGTAGTTGGATTTCTGTTTTTAAAAATCGGTCGTAACCTCACGGTTTCTGTACCAGGTTTCTTAAATGCATCCTCAGGGTTCTGTTATCTGGTATTAATTTATCGGATTTCTGGTCCTTGTCATTTACTGTGAGCAAAATAGAGTGTTCAAAGCAGGCTTAGGCCATGAATACATTAGCATGGAATAATAAGATAGGACCTTGGTCTATTTTGTTGGTTTACATTCCAAGGTAATGATTAATAGGGATAGTTGGGGGTATTCGTATTCAATTGTCAGAGGTGAAATTCTTGGATTTATGGAAGACGAACTACTGCGAAAGCATTTACCAAGGATGTTTTCATCA";"ATTCCAGCTCCAATAGCGTATACTAAAGTTGTTGCAGTTAAAAAGCTCGTAGTTGGATTTCTGGTCGTGAGATTCGGTCTGCTTCGTAAGGAGTATGTACTAGAATTTCATGTCCATCCTCGGAGTATTGTTATATGGGATTAATTTTTCGTGTAATGATCTCCGTCATTTACTGTGAGTAAACTAGAGTGTTCAAAGCAGGCTTAGGCCGTTGAATACATTAGCATGGAATAATAAGATAAGACCTTGGTCTATTTTGTTGGTTTATTTTCCAAGGTAATGATTAATAGGGATAGTTGGGGGTATTCGTATTCAATTGTCAGAGGTGAAATTCTTGGATTTATGGAAGACGAACTACTGCGAAAGCATTTACCAAGGATGTTTTCATCG";"ATTCCAGCTCCAATAGCGTATACTAAAGTTGTTGCAGTTAAAAAGCTCGTAGTTGAATTTCTGGTCGTGGCGATCGGTCCGCCCCTCACGGGGTGTGCACCTGGTCTCTACGTCCATCCTCGGGGAGAGCACGCCTGGCATTCAGTTGTCGGGTGTGGGATCCTCGTCATTTACTGTGAGCAAAATAGAGTGTTCAAAGCAGGCTTAGGCCGTTGAATACATTAGCATGGAATAATAAGATAGGACCTTGGTCTATTTTGTTGGTTTGCATTCCAAGGTAATGATTAATAGGGATAGTTGGGGGTATTCGTATTCAATTGTCAGAGGTGAAATTCTTGGATTTATGGAAGACGAACTACTGCGAAAGCATTTACCAAGGATGTTTTCATCG";"ATTCCAGCTCCAATAGCGTATATTAAAGTTGTTGCAGTTAAAAAGCTCGTAGTCGGATTTCGGGTCGGGCGGGGCGGTCTGCCGATGGGTATGCACTGTCTTGCGCGGCCTTCTTTCCGGAGACCGCGGCTACTCTTAACTGAGCGGTCGCGGGAGACGGATCGTTTACTTTGAAAAAATCAGAGTGTTTCAAGCAGGCAGCTCGCTCTTGCATGGATTAGCATGGGATAATGAAATAGGACTCAGGTGCTATTTTGTTGGTTTCGAACACCGGAGTAATGATTAACAGGGACAGTCAGGGGCACTCGTATTCCGTCGAGAGAGGTGAAATTCTCAGACCAATGGAAGACGAACCACTGCGAAAGCATTTGCCAGGGATGTTTTCATCA";"ATTCCAGCTCCAATAGCGTATATTTAAGTTGTTGCAGTTAAAAAGCTCGTAGTTGGATTTCGGGCCCAGGTGACCGGTCCGCCGTTTCGGTGTGCACTGGTTAGCTCGGTCTTTCTGCCGGGGACGCGCTCCGTCTTAATTGCCGGACGCGGAGTCGGCGATGTTACTTTGAAAAAATTAGAGTGTTCAAAGCAGGCTTACGCTCTGAATACTATAGCATGGAATAACACGATAGGACTCCGGGCCTATTTTGTTGGTCTTCGGGACCGGAGTAATGATTAAGAGGGACAGTTGGGGGCATTCGTATTACGGTGTCAGAGGTGAAATTCTTGGATTTCCGTAAGACGAACTTCTGCGAAAGCATTTGCCAAGGATGTTTTCATTA";"ATTCCAGCTCCAATAGCGTATATTTAAGTTGTTGCAGTTAAAAAGCTCGTAGTTGGATTTCGGGTGTGAACGACCGGTCCGTCTTTGATGTGTACTGGTTGGTTGCGCCTTATTGTCGAGGACGTGGTTCTGGCTTTCATTAGCTGGGACACGGAGTCGGCAGCGTTACTTTGAGAAAATTAGAGTGTTCAAAGCAGGCTATCGCTCTGAATACTACAGCATGGAATAACACGATAGGACTCCGAGCCTATTCTGTTGGTCTTCGGGACCGGAGTAATGATTAAGAGGGACAGTTGGGGGCATTCGTATTCCGATGTCAGAGGTGAAATTCTTGGATTATCGGAAGACGAACATCTGCGAAAGCATTTGCCAAGGATGTTTTCATTA";"ATTCCAGCTCCAATAGCGTATATTTAAGTTGTTGCAGTTAAAAAGCTCGTAGTTGGATTTCGGGCCCAGGTGACCGGTCCGCCGTTTCGGTGTGCACTGGTTAGCTCGGTCTTTCTGCCGGGGACGCGCTCCGTCTTGATTGCCGGACGCGGAGTCGGCGATGTTACTTTGAAAAAATTAGAGTGTTCAAAGCAGGCTTACGCTCTGAATACTATAGCATGGAATAACACGATAGGACTCCGGGCCTATTTTGTTGGTCTTCGGGACCGGAGTAATGATTAAGAGGGACAGTTGGGGGCATTCGTATTACGGTGTCAGAGGTGAAATTCTTGGATTTCCGTAAGACGAACTTCTGCGAAAGCATTTGCCAAGGATGTTTTCATTA";"ATTCCAGCTCCAATAGCGTATACTAAAGTTGTTGCAGTTAAAAAGCTCGTAGTTGGATTTCTAATCTCTCTTGTGGTTCCTTTTCTAAAGAAATGTGCGACTATTCAAGAGAGATTATCCTCGTGCCTAGCTTTTCTCACTTTTATTAGTGGGGAAAGGGACGCACGTCATTTACTGTGAGCAAAATAGAGTGTTCAAAGCAGGCTTAGGCCATGAATATATTAGCATGGAATAATAAGATAGGACCTTGGTCTATTTTGTTGGTTTACATTCCAAGGTAATGATTAATAGGGATAGTTGGGGGTATTCGTATTCAATTGTCAGAGGTGAAATTCTTGGATTTATGGAAGACGAACTACTGCGAAAGCATTTACCAAGGATGTTTTCATCG";"ATTCCAGCTCCAATAGCGTATATTAAAGTTGTTGCAGTTAAAAAGCTCGTAGTCGGATTTCGGGTCGGGCGGGGCGGTCTGCCGATGGGTATGCACTGTCTTGCGCGGCCTTCTTTCCGGAGACCGCGGCTACTCTTAACTGAGCGGTCGCGGGAGACGGATCGTTTACTTTGAAAAAATCAGAGTGTTTCAAGCAGGCAGCTCGCTCTTGCATGGATTAGCATGGGATAATGAAATAGGACTCAGGTGCTATTTTGTTGGTTTCGAACACCGGAGTAATGATTAACAGGGACAGTCAGGGGCACTCGTATTCCGTCGAGAGAGGTGAAATTCTCAGACCAATGGAAGACGAACCACTGCGAAAGCATTTGCCAGGGATGTTTTCATCG";"ATTCCAGCTCCAATAGCGTATATTAAAGTTGTTGCAGTTAAAAAGCTCGTAGTCGGATTTCGGGTCGGGCGGGGCGGTCTGCCGATGGGTATGCACTGTCTTGCGCGGCCTTCTTTCCGGAGACCGCGGCTACTCTTAACTGAGCGGTCGCGGGAGACGGATCGTTTACTTTGAAAAAATCAGAGTGTTTCAAGCAGGCAGCTCGCTCTTGCATGGATTAGCATGGGATAATGAAATAGGACTCAGGTGCTATTTTGTTGGTTTCGAACACCGGAGTAATGATTAACAGGGACAGTCAGGGGCACTCGTATTCCGTCGAGAGAGGTGAAATTCTCAGACCAATGGAAGACGAACCACTGCGAAAGCATTTGCCAGGGATGTTTTCATTA";"ATTCCAGCTCCAATAGCGTATATTAATGTTGTTGCAGTTAAAAAGCTCGTAGTTGGATTTCTGGTCGGAACGCCTGGCCGGCTCCGCAAGGGGTCGTTGCATTGGCTGTTTTCGTCCATCCTCAGGGGAACTGGTGCTGGTATTCATTTATCGGTATTAGGACGCCTGTCGTTTACTGTGAACAAATTAGAGTGTTCAAAGCAAGGTGTACTTGAATACATTAGCATGGAATAATAAGATAGGACTTTGGTGGTTCTTTTTGATATTTTGTTGGTTTGCACGCCAAAGTAATGATTAATAGGAGCAGTTGGGGGTATTCGTATTCAATTGTCAGAGGTGAAATTCTTGGATTTATAGAAGACGAACTACTGCGAAAGCATTTACCAAGGATGTTTTCATCA";"ATTCCAGCTCCAATAGCGTATACTAAAGTTGTTGCAGTTAAAAAGCTCGTAGTTGAATTTCTGGTCGTGGCGACCGGTCCGCCCCTCGCGGGGTGTGCACCTGGTCTCTGCGTCCATCCTCGGGGAGAGCGCGTCTGGCATTCAGTTGTCGGGCGCGGGATCCTCGTCATTTACTGTGAGCAAAATAGAGTGTTCAAAGCAGGCTTAGGCCGTTGAATACATTAGCATGGAATAATAAGATAGGACCTTGGTCTATTTTGTTGGTTTGCATTCCAAGGTAATGATTAATAGGGATAGTTGGGGGTATTCGTATTCAATTGTCAGAGGTGAAATTCTTGGATTTATGGAAGACGAACTACTGCGAAAGCATTTACCAAGGATGTTTTCATCA";"ATTCCAGCTCCAATAGCGTATACTAAAGTTGTTGCAGTTAAAAAGCTCGTAGTCGAATGTAGGTTTAGTTATTATGCGGTCTCTCAGGTGTTACTTGAGTGGATTGCGTATAACGACCTTCCTTGATATAATAACAGTTGTGTTTGAAATTCAAATGTAATGGTTATTATATCCATTACTGTGAACAAAATAGAGTGTTCATGGCAGGCCAATTTAGGCTTGGATACCTCAGCATGGAATAATAGAATAGGACTTCTGGTTCTATTTTGTTGGTTTTTGGAGCCGAAGTAATGATTAATAGGGATAGTTGGGGGCACTCGTACTCCGTTGTCAGAGGTGAAATTCTTGGATTGACGGAAGACGAACAACTGCGAAAGCATCTGCCAAGGATGTTTTCATCA";"ATTCCAGCTCCAATAGCGTATACTAAAGTTGTTGCAGTTAAAAAGCTCGTAGTTGAATTTCTGGATGTGAAAGGTGGTCGGCACCTCACGGTGTCTGTACTTATCATTCGCGTCCATCCTCGGGAGGAACATGTGGACACTTAAGTGGGTCTGCTTGGGAATCTCGTCATTTACTGTGAGCAAAATAGAGTGTTCAAAGCAGGCTTATGCCGTTGAATATATTAGCATGGAATAATAAGATACGACTTTGGTCTATTTTGTTGGTTTGCATTCCAAAGTAATGATTAATAGGGATAGTTGGGGGTATTCGTATTCAATTGTCAGAGGTGAAATTCTTGGATTTATGGAAGACGAACTACTGCGAAAGCATTTACCAAGGATGTTTTCATCA";"ATTCCAGCTCCAATAGCGTATATTAAAGTTGTTGCAGTTAAAAAGCTCGTAGTTGGATTTGTGGCGTCCCTTGAGGTCCAATTTTGGTACTATTGAGGGATGCCATCCTTGGGTGGAACCTGTGTGGCATTAGGTTGTCGTGCAGGGGATGCCCATCTTTTACTGTGAAAAAATTAGAGTGTTCAAAGCAGGCTTATGCCGTTGAATATATTAGCATGGAATAATGAGATAGGACCTTGGTCTATTTTGTTGGTTAGTTTACCGAGGTAATGATTAATAGGGACAGTTGGGGGTATTCGTATTCCATTGTCAGAGGTGAAATTCTTGGATTTCTGGAAGACGAACTACTGCGAAAGCATTTACCAAGGATGTTTTCATTA";"ATTCCAGCTCCAATAGCGTATACTAAAGTTGTTGCAGTTAAAAAGCTCGTAGTTGAATTTCTAGGTGTAAAAGGCGGTCCTGCCTTCAGGGTTGTGTACCTCCCTTTTACGCCTATCCTCGTAGTGAACATGTATTCTTTTTATTAAGCGTATATGGGACCTGCGTCATTTACTGTGAGCAAAATAGAGTGTTCAAAGCAGGCTTTATGCCGTTGAATATATTAGCATGGAATAATAAGATATGACTTCTGTCTTTCTTGTTGGTTTGTATTCGGAAGTAATGATTAATAGGGATAGTTGGGGGTATTCGTATTCAATTGTCAGAGGTGAAATTCTTAGATTTATGGAAGACGAACTACTGCGAAAGCATTTACCAAGGATGTTTTCATCA";"ATTCCAGCTCCAATAGCGTATACTAAAGTTGTTGCAGTTAAAAAGCTCGTAGTTGAATTTCTGGTCGTGGCGACCGGTCCGCCCCTCGCGGGGTGTGCACCTGGTCTCTGCGTCCATCCTCGGGGAGAGCGCGTCTGGCATTCAGTTGTCGGGCGCGGGATCCTCGTCATTTACTGTGAGCAAAATAGAGTGTTCAAAGCAGGCTTAGGCCGTTGAATACATTAGCATGGAATAATAAGATAGGACCTTGGTCTATTTTGTTGGTTTGCATTCCAAGGTAATGATTAATAGGGATAGTTGGGGGTATTCGTATTCAATTGTCAGAGGTGAAATTCTTGGATTTATGGAAGACGAACTACTGCGAAAGCATTTACCAAGGATGTTTTCATTA";"ATTCCAGCTCCAATAGCGTATTCTAAAGTTGTTGCAGTTAAAAAGCTCGTAGTTGGATTTCTGTTTTGGAGAATGGGTCGTGCCTAAACAGGTTCTGTACTTTTTTCTCCGGAACATCCTCGGAGTGAGCGTGTCTGCAATTCATTTTGTGGGCTCGGGACCTTCGTCATTTACTGTGAGCAAAATAGAGTGTTCAAAGCAGGCTTACGCCTTGAATATACTAGCATGGAATAATAAGATAGGACTTTGGTCTATTTTGTTGGTTTACTTTCCAAAGTAATGATTAATAGGGATAGTTGGGGGTATTCGTATTCAATTGTCAGAGGTGAAATTCTTGGATTTATGGAAGACGAACTACTGCGAAAGCATTTACCAAGGATGTTTTCATCA";"ATTCCAGCTCCAATAGCGTATTCTAAAGTTGTTGCAGTTAAAAAGCTCGTAGTTGGATTTCTGTTTTGGAGAATGGGTCGTGCCTAAACAGGTTCTGTACTTTTTTCTCCGGAACATCCTCGGAGTGAGCGTGTCTGCAATTCATTTTGTGGGCTCGGGACCTTCGTCATTTACTGTGAGCAAAATAGAGTGTTCAAAGCAGGCTTACGCCTTGAATATACTAGCATGGAATAATAAGATAGGACTTTGGTCTATTTTGTTGGTTTACTTTCCAAAGTAATGATTAATAGGGATAGTTGGGGGTATTCGTATTCAATTGTCAGAGGTGAAATTCTTGGATTTATGGAAGACGAACTACTGCGAAAGCATTTACCAAGGATGTTTTCATCG";"ATTCCAGCTCCAATAGCGTATACTAAAGTTGTTGCAGTTAAAAAGCTCGTAGTTGAATTTCTGGTCGTAAACGGTGGTCCGTTCCGCAAGGAATGTGTGCCCGAATTTATGTCCATCTTCGTGAGTAAGTGTGTATTGCTTTAATCGGCCGTGCATACGACCTCCGTCATTTACTGTGAGCAAAATAGAGTGTTCAAAGCAGGCTTATGCCGTTGAATATATTAGCATGGAATAATAAGATATGACTTTGGTCTATTTTGTTGGTTTGCACTCCAAAGTAATGATTAATAGGGATAGTTGGGGGTATTCGTATTCAATTGTCAGAGGTGAAATTCTTGGATTTATGGAAGACGAACTACTGCGAAAGCATTTACCAAGGATGTTTTCATCG";"ATTCCAGCTCCAATAGCGTATATTAATGTTGTTGCAGTTAAAAAGCTCGTAGTTGGATTTCTGGTCGGAGTGCTCGGCCATCTCCGCAAGGGGTTGTGCATGGGTAATCTTCGGTCATCCTCAGGGGAACTTGCAGTGGTATTCATTTATCGTTGTGAGGACGCCTGTCGTTTACTGTGAACAAATTAGAGTGTTCAAAGCAAGGTGTACTTGAATACATTAGCATGGAATAATAAGATAGGACTTTGGTGGTTCTTTTTGATATTTTGTTGGTTTGCACGCCAAAGTAATGATTAATAGGAGCAGTTGGGGGTATTCGTATTCAATTGTCAGAGGTGAAATTCTTGGATTTATAGAAGACGAACTACTGCGAAAGCATTTACCAAGGATGTTTTCATCA";"ATTCCAGCTCCAATAGCGTATATTAAAGTTGTTGCAGTTAAAAAGCTCGTAGTTGGATTTGTGGCGTCCCTTGAGGTCCAATTTTGGTACTATTGAGGGATGCCATCCTTGGGTGGAACCTGTGTGGCATTAGGTTGTCGTGCAGGGGATGCCCATCTTTTACTGTGAAAAAATTAGAGTGTTCAAAGCAGGCTTATGCCGTTGAATATATTAGCATGGAATAATGAGATAGGACCTTGGTCTATTTTGTTGGTTAGTTTACCGAGGTAATGATTAATAGGGACAGTTGGGGGTATTCGTATTCCATTGTCAGAGGTGAAATTCTTGGATTTCTGGAAGACGAACTACTGCGAAAGCATTTACCAAGGATGTTTTCATCG";"ATTCCAGCTCCAATAGCGTATACTAAAGTTGTTGCAGTTAAAAAGCTCGTAGTTGGATTTCTAATCTCTCTTGGGGTTCCTTTTCTAAAGAAATGCGCGACCATTCAAGAGAGATTATCCTCGTGCCTAGCCTTTCTCACTTTCATTAGTCAGGAAGGGGACGCACGTCATTTACTGTGAGCAAAATAGAGTGTTCAAAGCAGGCTTAGGCCATGAATATATTAGCATGGAATAATAAGATAGGACCTTGGTCTATTTTGTTGGTTTACATTCCAAGGTAATGATTAATAGGGATAGTTGGGGGTATTCGTATTCAATTGTCAGAGGTGAAATTCTTGGATTTATGGAAGACGAACTACTGCGAAAGCATTTACCAAGGATGTTTTCATTA";"ATTCCAGCTCCAATAGCGTATACTAAAGTTGTTGCAGTTAAAAAGCTCGTAGTTGAATTTCTGGATGTGAAAGGTGGTCGGCACCTCACGGTGTCTGTACTTATCATTCGCGTCCATCCTCGGGAGGAACATGTGGACACTTAAGTGGGTCTGCTTGGGAATCTCGTCATTTACTGTGAGCAAAATAGAGTGTTCAAAGCAGGCTTATGCCGTTGAATATATTAGCATGGAATAATAAGATACGACTTTGGTCTATTTTGTTGGTTTGCATTCCAAAGTAATGATTAATAGGGATAGTTGGGGGTATTCGTATTCAATTGTCAGAGGTGAAATTCTTGGATTTATGGAAGACGAACTACTGCGAAAGCATTTACCAAGGATGTTTTCATCG";"ATTCCAGCTCCAATAGCGTATACTAAAGTTGTTGCAGTTAAAAAGCTCGTAGTTGAATTTCTGGTCGTGAAACGTGGTCCGTTCCGCAAGGAATGTGTACTGTCGATTTATGTCCATCCTCGGTGTTAGTATGCATTACTTTAATCGGTCGTGTATACAACCACCGTCATTTACTGTGAGCAAAATAGAGTGTTCAAAGCAGGCTTATGCCGTTGAATATATTAGCATGGAATAATAAGATACGACTTTGGTCTATTTTGTTGGTTTGCATTCCAAAGTAATGATTAATAGGGATAGTTGGGGGTATTCGTATTCAATTGTCAGAGGTGAAATTCTTGGATTTATGGAAGACGAACTACTGCGAAAGCATTTACCAAGGATGTTTTCATCA";"ATTCCAGCTCCAATAGCGTATATTAAAGTTGTTGCAGTTAAAAAGCTCGTAGTTGGATTTCTGGTGGGCGCGACCGGTCCGCCCCGCAAGGGGTGAGCACTGGCGTCGCCGTCCGCCATCTTTGGGGAGAGGGCGTTGGGCATTCAGTTGTTCGGCGTCGGATCCCCATCGTTTACTGTGAGAAAATTAGAGTGTTCAAAGCAGGCTTACGCCTTGAATACATTAGCATGGAATAATAGTCGAGGCTTTCGGTCTGACTTGTTGGTTTGCAGCCCGAGAGAATGATTCAATAGGGATAGTTGGGGGTATTCGTATTCAATTGTCAGAGGTGAAATTCTTGGATTTATGGAAGACGAACTACTGCGAAAGCATTTACCAAGGATGTTTTCATTA";"ATTCCAGCTCCAATAGCGTATACTAAAGTTGTTGCAGTTAAAAAGCTCGTAGTTGAATTTCTGGATGTGAAAGGTGGTCGGCACCTCACGGTGTCTGTACTTATCATTCGCGTCCATCCTCGGGAGGAACATGTGGACACTTAAGTGGGTCTGCTTGGGAATCTCGTCATTTACTGTGAGCAAAATAGAGTGTTCAAAGCAGGCTTATGCCGTTGAATATATTAGCATGGAATAATAAGATACGACTTTGGTCTATTTTGTTGGTTTGCATTCCAAAGTAATGATTAATAGGGATAGTTGGGGGTATTCGTATTCAATTGTCAGAGGTGAAATTCTTGGATTTATGGAAGACGAACTACTGCGAAAGCATTTACCAAGGATGTTTTCATTA";"ATTCCAGCTCCAATAGCGTATACTAAAGTTGTTGCAGTTAAAAAGCTCGTAGTTGAATTTCTGGTCGTAAACGGTGGTCCGTTCCGCAAGGAATGTGTGCCCGAATTTATGTCCATCTTCGTGAGTAAGTGTGTATTGCTTTAATCGGCCGTGCATACGACCTCCGTCATTTACTGTGAGCAAAATAGAGTGTTCAAAGCAGGCTTATGCCGTTGAATATATTAGCATGGAATAATAAGATATGACTTTGGTCTATTTTGTTGGTTTGCACTCCAAAGTAATGATTAATAGGGATAGTTGGGGGTATTCGTATTCAATTGTCAGAGGTGAAATTCTTGGATTTATGGAAGACGAACTACTGCGAAAGCATTTACCAAGGATGTTTTCATCA";"ATTCCAGCTCCAATAGCGTATATTTAAGTTGTTGCAGTTAAAAAGCTCGTAGTCGGATTTTGGCTGAGAACGAACGGTCCGCCGTTAGGTGTGCACTGTTTGGTCTCAGCTTCCTGGTGAGGAGGTGTGCTTCACGGCCACTTAGTCACCGTGGTTACTTTGAAAAAATTAGAGTGTTCAAAGCGGGCTTACGCTTGAATATATTAGCATGGAATAACACCATAGGACTCCTGTCCTATTTCGTTGGTCTCGGGACGGGAGTAATGATTAAGAGGAACAGTTGGGGGCATTCGTATTTCATTGTCAGAGGTGAAATTCTTGGATTTATGAAAGACGAACTTCTGCGAAAGCATTTGCCAAGGATGTTTTCATCA";"ATTCCAGCTCCAATAGCGTATATTTAAGTTGTTGCAGTTAAAAAGCTCGTAGTCGGATTTTGGCTGAGAACGAACGGTCCGCCGTTAGGTGTGCACTGTTTGGTCTCAGCTTCCTGGTGAGGAGGTGTGCTTCACGGCCACTTAGTCACCGTGGTTACTTTGAAAAAATTAGAGTGTTCAAAGCGGGCTTACGCTTGAATATATTAGCATGGAATAACACCATAGGACTCCTGTCCTATTTCGTTGGTCTCGGGACGGGAGTAATGATTAAGAGGAACAGTTGGGGGCATTCGTATTTCATTGTCAGAGGTGAAATTCTTGGATTTATGAAAGACGAACTTCTGCGAAAGCATTTGCCAAGGATGTTTTCATTA";"ATTCCAGCTCCAATAGCGTATATTTAAGTTGTTGCAGTTAAAAAGCTCGTAGTTGGATTTCGGAGTTGGGCGACCGGTCCGCCGTTTCGGTGTGCACTGGTCCGACCCTTCTTTTTCTGTCGGGGACGCGCGCTCCTTAATTGGGGACGCGGAGTCGGCGCTGTTACTTTGAAAAAATTAGAGTGTTCAAGGCAGGCTTACGCTCTGAATACTATAGCATGGAATAACACGATAGGACTCCGAGCCTATTTTGTTGGTCTTCGGGACCGGAGTAATGATTAAGAGGGACAGTTGGGGGCATTCGTATTCCGATGTCAGAGGTGAAATTCTTGGATTTTCGGAAGACGAACTTCTGCGAAAGCATTTGCCAAGGATGTTTTCATCA";"ATTCCAGCTCCAATAGCGTATACTAAAGTTGTTGCAGTTAAAAAGCTCGTAGTTGAATTTCTGGATGCGAAAGATGGTCGGCACCTCACGGTGTCTGCACCTATCATTCGCGTTCATCCTCGGGAGGAACGTGTGGTCTCTTCAGTGAGCCCGCTCGGGAATCTCGTCATTTACTGTGAGCAAAATAGAGTGTTCAAAGCAGGCTTATGCCGTTGAATATATTAGCATGGAATAATAAGATATGACTTTGGTCTATTTTGTTGGTTTGCACTCCAAAGTAATGATTAATAGGGATAGTTGGGGGTATTCGTATTCAATTGTCAGAGGTGAAATTCTTGGATTTATGGAAGACGAACTACTGCGAAAGCATTTACCAAGGATGTTTTCATCA";"ATTCCAGCTCCAATAGCGTATATTTAAGTTGTTGCAGTTAAAAAGCTCGTAGTCGGATTTTGGCTGAGAACGAACGGTCCGCCGTTAGGTGTGCACTGTTTGGTCTCAGCTTCCTGGTGAGGAGGTGTGCTTCACGGCCACTTAGTCACCGTGGTTACTTTGAAAAAATTAGAGTGTTCAAAGCGGGCTTACGCTTGAATATATTAGCATGGAATAACACCATAGGACTCCTGTCCTATTTCGTTGGTCTCGGGACGGGAGTAATGATTAAGAGGAACAGTTGGGGGCATTCGTATTTCATTGTCAGAGGTGAAATTCTTGGATTTATGAAAGACGAACTTCTGCGAAAGCATTTGCCAAGGATGTTTTCATTG";"ATTCCAGCTCCAATAGCGTATACTAAAGTTGTTGCAGTTAAAAAGCTCGTAGTTGAATTTCTGGTCGTGAAACGTGGTCCGTTCCGCAAGGAATGTGTACTGTCGATTTATGTCCATCCTCGGTGTTAGTATGCATTACTTTAATCGGTCGTGTATACAACCACCGTCATTTACTGTGAGCAAAATAGAGTGTTCAAAGCAGGCTTATGCCGTTGAATATATTAGCATGGAATAATAAGATACGACTTTGGTCTATTTTGTTGGTTTGCATTCCAAAGTAATGATTAATAGGGATAGTTGGGGGTATTCGTATTCAATTGTCAGAGGTGAAATTCTTGGATTTATGGAAGACGAACTACTGCGAAAGCATTTACCAAGGATGTTTTCATCG";"ATTCCAGCTCCAATAGCGTATATTAAAGTTGTTGCAGTTAAAAAGCTCGTAGTTGGATTTCTGGCAGGAGTGACCGGTCACGCACTCTGTGCGTGAACTTGTGTTGTCTCTGGCCATCCTTGGGGAGATCCTGTTTGGCATTAAGTTGTCGGGCAGGGGATACCCATCGTTTACTGTGAAAAAATTAGAGTGTTTAAAGCAGGCTTATGCCGTTGAATATATTAGCATGGAATAATAAGATAGGACTTCGGAACTATTTTGTTGGTTTGCGTTACGAAGTAATGATTAAAAGGGATAGTTGGGGGTATTCGTATTCAGCTGTCAGAGGTGAAATTCTTGGATTTTCTGAAGACGAACTACTGCGAAAGCATTTACCAAGGATGTTTTCATCG";"ATTCCAGCTCCAATAGCGTATATTAAAGTTGTTGCAGTTAAAAAGCTCGTAGTTGGATTTCTGGTGAGTTCGTTTGGCCGGCCGTAAAGGTCTGTGCCGAAATGTTATTCGCCATCCTTGGTGTAATCTTGTCCGCCATTAAGTTGTGTGGGCTTGAGGATGCCATCGTTTACTGTGAAAAAATTAGAGTGTTCAAAGCAGGCTTATGCCGTTGAATACATTAGCATGGAATAATAAGATAGGACCCTGGTACTATTTTGTTGGTTTGCGTACCTAGGTAATGATTAATAGGGACAGTTGGGGGTATTTATATTCCGTTGTCAGAGGTGAAATTCTTGGATTTACGGAAGATAAACTACTGCGAAAGCATTTACCAAGGATGTTTTCATTA";"ATTCCAGCTCCAATAGCGTATATTTAAGTTGTTGCAGTTAAAAAGCTCGTAGTCGGATTTTGGCTGAGAACGAACGGTCCGCCGTTAGGTGTGCACTGTTTGGTCTCAGCTTCCTGGTGAGGAGGTGTGCTTCACGGCCACTTAGTCACCGTGGTTACTTTGAAAAAATTAGAGTGTTCAAAGCGGGCTTACGCTTGAATATATTAGCATGGAATAACACCATAGGACTCCTGTCCTATTTCGTTGGTCTCGGGACGGGAGTAATGATTAAGAGGAACAGTTGGGGGCATTCGTATTTCATTGTCAGAGGTGAAATTCTTGGATTTATGAAAGACGAACTTCTGCGAAAGCATTTGCCAAGGATGTTTTCATCG";"ATTCCAGCTCCAATAGCGTATACTAAAGTTGTTGCAGTTAAAAAGCTCGTAGTTGAATTTCTGGTCGTGGTAATCGGTCAGCTCCTCACGGAGTTCGTACCAGGTTACCGCGTCCATCCTCGGGGAGAGCATATCGGGCATTAAGTTGTCTGGTGTGGGATCCTCGTCATTTACTGTGAGCAAAATAGAGTGTTCAAAGCAGGCTTAGGCCGTTGAATACATTAGCATGGAATAATAAGATAGGACCTTGGTCTATTTTGTTGGTTTGCATTCCAAGGTAATGATTAATAGGGATAGTTGGGGGTATTCGTATTCAATTGTCAGAGGTGAAATTCTTGGATTTATGGAAGACGAACTACTGCGAAAGCATTTACCAAGGATGTTTTCATCA";"ATTCCAGCTCCAATAGCGTATACTAAAGTTGTTGCAGTTAAAAAGCTCGTAGTTGGATTTCTGGTTGCAGTCGTCGGTCGTTCCCAAACGGGTTCCGTACCTGATGTGCTGTGTCCATCCTCGGAGTTCTGCCGTCTGGCATTCAGTTGTTGGGCGGACGGTCTCCGTCATTTACTGTGAGCAAAATAGAGTGTTCAAAGCAGGCTTAGGCCATGAATACATTAGCATGGAATAATAAGATAGGACCTTGGTCTATTTTGTTGGTTTACATTCCAAGGTAATGATTAATAGGGATAGTTGGGGGTATTCGTATTCAATTGTCAGAGGTGAAATTCTTGGATTTATGGAAGACGAACTACTGCGAAAGCATTTACCAAGGATGTTTTCATTA";"ATTCCAGCTCCAATAGCGTATACTAAAGTTGTTGCAGTTAAAAAGCTCGTAGTTGAATTTCTGGTCGCGAAAGGTGGTCCGTTCCTCACGGAATGTGTACTGTCCATTCGTGTCCATTCTCGGAGTTAGTTTGTATTACCTTAATCGGTCGTGCATACAACCTTCGTCATTTACTGTGAGCAAAATAGAGTGTTCAAAGCAGGCTTATGCCGTTGAATATATTAGCATGGAATAATAAGATATGACTTTGGTCTATTTTGTTGGTTTGCACTCCAAAGTAATGATTAATAGGGATAGTTGGGGGTATTCGTATTCAATTGTCAGAGGTGAAATTCTTGGATTTATGGAAGACGAACTACTGCGAAAGCATTTACCAAGGATGTTTTCATTA";"ATTCCAGCTCCAATAGCGTATACTAAAGTTGTTGCAGTTAAAAAGCTCGTAGTTGGATTTCTGTTATTAAAAATCGGTCGTGTCCTCACGGATTCTGTACCAGGTTTCTTAATTGCATCTTCAAGGTTCTGGTATCTGGTATTAATTTATCGGGTATTCGGTCCTTGTCATTTACTGTGAGCAAAATAGAGTGTTCAAAGCAGGCTTAGGCCATGAATACATTAGCATGGAATAATAAGATAGGACCTTGGTCTATTTTGTTGGTTTACATTCCAAGGTAATGATTAATAGGGATAGTTGGGGGTATTCGTATTCAATTGTCAGAGGTGAAATTCTTGGATTTATGGAAGACGAACTACTGCGAAAGCATTTACCAAGGATGTTTTCATCA";"ATTCCAGCTCCAATAGCGTATACTAAAGTTGCTGCAGTTAAAAAGCTCGTAGTTGGATTTCTGGTCGTGGTCGCCGGTCGTGCCCAAACGGGTTCTGTACCTGGCGCCCGCGTCCATCCTCGGGGAGAGCGTGTCTGGCATTAAGTTGTCGGGCTCGGGACCCCCGTCATTTACTGTGAGCAAAATAGAGTGTTCAAAGCAGGCTTAGGCCATGAATACATTAGCATGGAATAATAAGATAGGACCTTGGTCTATTTTGTTGGTTTACATTCCAAGGTAATGATTAATAGGGATAGTTGGGGGTATTCGTATTCAATTGTCAGAGGTGAAATTCTTGGATTTATGGAAGACGAACTACTGCGAAAGCATTTACCAAGGATGTTTTCATCA";"ATTCCAGCTCCAATAGCGTATACTAAAGTTGTTGCAGTTAAAAAGCTCGTAGTTGGATTTCTGGTCGAGGCAGCCGGTCGGCATCAAGTATGTTTGTACATGGCGCTTCGTCCATTTTTGTAGAAGCTGCGTCTGTCATTCACTTGTCGGGCGTAGGGTCTGCATCATTTACTGTGAGCAAAATAGAGTGTTCAAAGCAGGCTTAGGCCATGAATACATTAGCATGGAATAATAAGATAGGACCTTGGTCTATTTTGTTGGTTTACATTCCAAGGTAATGATTAATAGGGATAGTTGGGGGTATTCGTATTCAATTGTCAGAGGTGAAATTCTTGGATTTATGGAAGACGAACTACTGCGAAAGCATTTACCAAGGATGTTTTCATCA";"ATTCCAGCTCCAATAGCGTATATTAAAGTTGTTGCAGTTAAAAAGCTCGTAGTTGGATTTCTGGTGGGGACGTTTGGCCGGCCGTAACGGTTTGCGCTGAAATGTTCTTCGCCATCCTTGACGAATACTGGTTCGCCATTAAGTTGTGTGGGCTTGGAGTCGTCATCGTTTACTGTGAAAAAATTAGAGTGTTCAAAGCAGGCTTATGCCGTTGAATACATTAGCATGGAATAATAAGATAGGACCCTGGTACTATTTTGTTGGTTTGCGTACCTAGGTAATGATTAATAGGGACAGTTGGGGGTATTTATATTCCGTTGTCAGAGGTGAAATTCTTGGATTTACGGAAGATAAACTACTGCGAAAGCATTTACCAAGGATGTTTTCATTA"
"C1A17";522;0;134;132;0;0;0;0;0;43;0;0;0;0;0;0;66;12;0;0;0;0;20;0;0;0;0;0;0;0;0;0;0;0;0;0;0;6;0;0;0;0;0;0;0;0;0;0;0;0
"C1F18";42;76;4;3;0;81;0;48;0;0;0;0;0;19;0;0;0;0;23;9;0;9;0;0;41;0;0;9;40;8;0;0;5;16;10;7;0;0;3;0;0;0;3;0;0;0;0;0;0;0
"C1A18";0;0;0;0;0;0;0;0;0;0;0;0;0;0;0;32;0;0;0;0;0;0;0;0;0;0;0;0;0;0;0;24;0;0;1;1;0;0;5;0;0;0;2;0;0;4;0;0;0;0
"C2A17";45;0;10;13;0;0;0;0;0;0;0;0;0;0;0;0;0;0;0;0;0;0;0;0;0;0;0;0;0;0;0;0;0;0;0;0;0;0;0;0;0;0;0;0;0;0;0;0;0;0
"C2F18";191;358;14;4;0;0;0;0;38;0;0;0;0;0;0;0;0;0;0;7;0;0;0;13;0;15;0;0;0;4;0;0;0;0;0;0;0;0;0;0;0;0;0;0;0;0;0;0;0;0
"C2A18";7;0;6;4;0;0;0;0;0;0;44;35;38;0;0;0;0;0;0;0;17;0;0;0;0;0;0;0;0;0;0;0;0;0;0;0;0;0;0;15;0;0;0;0;0;0;0;0;0;0
"C3A17";182;0;20;12;0;0;0;0;0;11;0;0;0;0;0;0;0;0;0;0;0;0;0;0;0;0;0;0;0;0;0;0;0;0;0;0;0;0;0;0;0;0;0;0;0;0;0;0;0;0
"C3F18";1546;627;51;35;209;0;0;20;0;0;0;0;0;0;0;0;0;16;0;7;0;0;20;0;0;0;0;0;0;0;13;0;0;0;0;0;0;0;0;0;12;0;0;0;0;0;0;0;0;0
"C3A18";214;0;542;519;0;0;35;0;0;0;0;0;0;0;43;22;0;0;0;0;0;0;0;0;0;9;0;0;0;0;0;0;0;5;0;0;7;0;0;0;0;8;0;8;0;0;8;10;9;5
"C4A17";113;0;4;10;0;0;0;0;0;0;0;0;0;0;0;0;0;0;0;0;0;0;0;0;0;0;0;0;0;0;0;0;0;0;0;0;0;0;0;0;0;0;0;0;0;0;0;0;0;0
"C4F18";1051;436;38;44;226;0;25;36;0;0;0;0;0;0;0;0;0;36;0;19;11;0;13;0;0;0;2;0;0;0;12;0;0;0;0;0;0;0;0;0;0;0;0;0;0;0;0;1;0;0
"C4A18";31;0;178;192;0;0;0;0;0;0;0;0;0;0;0;0;0;0;0;0;22;23;0;0;0;11;0;11;0;0;0;0;0;8;0;0;0;0;0;0;0;0;0;9;8;0;0;0;0;0
"F1A17";15;0;11;15;0;0;0;0;0;57;0;0;0;0;54;44;0;0;49;0;0;0;0;0;0;0;3;0;0;0;0;0;0;0;0;0;0;15;0;0;0;0;0;0;0;0;0;0;0;0
"F1F18";52;55;0;0;40;48;40;0;0;0;0;0;0;0;0;0;0;0;0;0;0;0;0;0;0;0;0;0;0;0;9;0;0;0;0;0;0;0;0;0;0;0;0;0;0;0;0;0;3;0
"F1A18";0;0;0;0;0;0;0;0;0;0;52;29;50;0;0;0;0;0;4;0;0;0;0;0;0;12;0;30;8;0;0;0;0;0;0;0;0;0;0;0;0;0;0;0;0;0;0;0;0;0
"F2A17";0;0;0;0;0;0;0;0;0;23;0;0;0;0;17;0;18;0;0;0;15;0;0;24;0;0;35;0;0;0;0;0;0;0;0;0;0;0;0;0;0;0;0;0;0;0;0;0;0;0
"F2F18";0;0;0;0;0;0;0;0;30;0;0;0;0;0;0;0;0;0;0;11;0;0;0;0;19;0;0;0;0;6;4;0;10;0;7;3;0;0;2;5;0;12;5;0;10;0;0;0;0;7
"F2A18";2;0;9;0;0;0;0;0;0;0;0;28;0;0;0;0;0;0;0;0;0;10;0;0;0;0;0;0;0;0;0;0;0;0;0;0;0;0;0;0;0;0;0;0;0;11;0;0;0;0
"F3A17";0;0;0;0;0;0;0;0;0;11;0;0;0;0;0;0;0;20;0;0;0;0;0;6;0;0;13;0;0;0;0;0;0;0;0;0;0;4;0;0;0;0;0;1;0;0;0;0;0;0
"F3F18";0;0;0;0;0;109;141;78;78;0;0;0;0;54;0;0;0;0;0;4;7;28;0;18;0;0;0;0;0;7;1;0;4;0;4;7;0;0;6;0;8;0;2;0;0;0;5;1;0;0
"F3A18";0;0;0;0;0;0;0;0;0;0;69;47;49;0;0;0;0;0;0;0;0;0;0;0;0;8;0;0;0;0;0;0;0;0;0;0;18;0;0;0;0;0;0;0;0;0;0;0;0;0
"F4A17";0;0;0;0;0;0;0;0;0;25;0;0;0;0;0;0;0;0;0;0;0;0;8;0;0;0;0;0;0;0;0;0;0;0;0;0;0;0;0;0;0;0;0;0;0;0;0;0;0;0
"F4F18";0;0;0;0;0;53;0;56;76;0;0;0;0;43;0;0;0;0;0;15;0;0;0;0;0;0;0;0;0;16;0;0;16;0;8;10;0;0;4;0;0;0;7;0;0;0;0;0;0;0
"F4A18";0;0;0;0;0;0;0;0;0;0;0;17;0;0;0;0;0;0;0;0;0;0;0;0;0;2;0;0;0;0;1;14;0;1;0;0;2;0;0;0;0;0;0;0;0;0;0;0;0;0
"H1A17";0;0;0;0;0;0;0;0;0;0;0;0;0;0;0;0;0;0;0;0;0;0;0;0;0;0;0;0;0;0;0;0;0;0;0;0;0;0;0;0;0;0;0;0;0;0;0;0;0;0
"H1F18";0;0;0;0;0;0;0;0;0;0;0;0;0;0;0;0;0;0;0;0;0;0;0;0;0;0;0;0;0;0;0;0;0;0;0;0;0;0;0;0;0;0;0;0;0;0;0;0;0;0
"H1A18";0;0;0;0;0;0;0;0;0;0;0;0;0;0;0;0;0;0;0;0;0;0;0;0;0;0;0;0;0;0;0;0;0;0;0;0;0;0;0;0;0;0;0;0;0;0;0;0;0;0
"H2A17";0;0;0;0;0;0;0;0;0;0;0;0;0;0;0;0;0;0;0;0;0;0;0;0;0;0;0;0;0;0;0;0;0;0;0;0;0;0;0;0;0;0;0;0;0;0;0;0;0;0
"H2F18";0;0;0;0;0;0;0;0;0;0;0;0;0;0;0;0;0;0;0;0;0;0;0;0;0;0;0;0;0;0;0;0;0;0;0;0;0;0;0;0;0;0;0;0;0;0;0;0;0;0
"H2A18";0;0;0;0;0;0;0;0;0;0;0;0;0;0;0;0;0;0;0;0;0;0;0;0;0;0;0;0;0;0;0;0;0;0;0;0;0;0;0;0;0;0;0;0;0;0;0;0;0;0
"H3A17";0;0;0;0;0;0;0;0;0;0;0;0;0;0;0;0;0;0;0;0;0;0;0;0;0;0;0;0;0;0;0;0;0;0;0;0;0;0;0;0;0;0;0;0;0;0;0;0;0;0
"H3F18";0;0;0;0;0;0;0;0;0;0;0;0;0;0;0;0;0;0;0;0;0;0;0;0;0;0;0;0;0;0;0;0;0;0;0;0;0;0;0;0;0;0;0;0;0;0;0;0;0;0
"H3A18";0;0;0;0;0;0;0;0;0;0;0;0;0;0;0;0;0;0;0;0;0;0;0;0;0;0;0;0;0;0;0;0;0;0;0;0;0;0;0;0;0;0;0;0;0;0;0;0;0;0
"H4A17";0;0;0;0;0;0;0;0;0;0;0;0;0;0;0;0;0;0;0;0;0;0;0;0;0;0;0;0;0;0;0;0;0;0;0;0;0;0;0;0;0;0;0;0;0;0;0;0;0;0
"H4F18";0;0;0;0;0;0;0;0;0;0;0;0;0;0;0;0;0;0;0;0;0;0;0;0;0;0;0;0;0;0;0;0;0;0;0;0;0;0;0;0;0;0;0;0;0;0;0;0;0;0
"H4A18";0;0;0;0;0;0;0;0;0;0;0;0;0;0;0;0;0;0;0;0;0;0;0;0;0;0;0;0;0;0;0;0;0;0;0;0;0;0;0;0;0;0;0;0;0;0;0;0;0;0
"P1F18";0;0;0;0;0;0;0;0;0;0;0;0;0;0;0;0;0;0;0;0;0;0;0;0;0;0;0;0;0;0;0;0;0;0;0;0;0;0;0;0;0;0;0;0;0;0;0;0;0;0
"P1A18";0;0;0;0;0;0;0;0;0;0;0;0;0;0;0;0;0;0;0;0;0;0;0;0;0;0;0;0;0;0;0;0;0;0;0;0;0;0;0;0;0;0;0;0;0;0;0;0;0;0
"P2F18";0;0;0;0;0;0;0;0;0;0;0;0;0;0;0;0;0;0;0;0;0;0;0;0;0;0;0;0;0;0;0;0;0;0;0;0;0;0;0;0;0;0;0;0;0;0;0;0;0;0
"P3F18";0;0;0;0;0;0;0;0;0;0;0;0;0;0;0;0;0;0;0;0;0;0;0;0;0;0;0;0;0;0;0;0;0;0;0;0;0;0;0;0;0;0;0;0;0;0;0;0;0;0
"P4F18";0;0;0;0;0;0;0;0;0;0;0;0;0;0;0;0;0;0;0;0;0;0;0;0;0;0;0;0;0;0;0;0;0;0;0;0;0;0;0;0;0;0;0;0;0;0;0;0;0;0
"Q1A17";0;0;0;0;0;0;0;0;0;0;0;0;0;0;0;0;0;0;0;0;0;0;0;0;0;0;0;0;0;0;0;0;0;0;0;0;0;0;0;0;0;0;0;0;0;0;0;0;0;0
"Q1F18";0;0;0;0;0;0;0;0;0;0;0;0;0;0;0;0;0;0;0;0;0;0;0;0;0;0;0;0;0;0;0;0;0;0;0;0;0;0;0;0;0;0;0;0;0;0;0;0;0;0
"Q2A17";0;0;0;0;0;0;0;0;0;0;0;0;0;0;0;0;0;0;0;0;0;0;0;0;0;0;0;0;0;0;0;0;0;0;0;0;0;0;0;0;0;0;0;0;0;0;0;0;0;0
"Q2F18";0;0;0;0;0;0;0;0;0;0;0;0;0;0;0;0;0;0;0;0;0;0;0;0;0;0;0;0;0;0;0;0;0;0;0;0;0;0;0;0;0;0;0;0;0;0;0;0;0;0
"Q3A17";0;0;0;0;0;0;0;0;0;0;0;0;0;0;0;0;0;0;0;0;0;0;0;0;0;0;0;0;0;0;0;0;0;0;0;0;0;0;0;0;0;0;0;0;0;0;0;0;0;0
"Q3F18";0;0;0;0;0;0;0;0;0;0;0;0;0;0;0;0;0;0;0;0;0;0;0;0;0;0;0;0;0;0;0;0;0;0;0;0;0;0;0;0;0;0;0;0;0;0;0;0;0;0
"Q3A18";0;0;0;0;0;0;0;0;0;0;0;0;0;0;0;0;0;0;0;0;0;0;0;0;0;0;0;0;0;0;0;0;0;0;0;0;0;0;0;0;0;0;0;0;0;0;0;0;0;0
"Q4A17";0;0;0;0;0;0;0;0;0;0;0;0;0;0;0;0;0;0;0;0;0;0;0;0;0;0;0;0;0;0;0;0;0;0;0;0;0;0;0;0;0;0;0;0;0;0;0;0;0;0
"Q4F18";0;0;0;0;0;0;0;0;0;0;0;0;0;0;0;0;0;0;0;0;0;0;0;0;0;0;0;0;0;0;0;0;0;0;0;0;0;0;0;0;0;0;0;0;0;0;0;0;0;0
"Q4A18";0;0;0;0;0;0;0;0;0;0;0;0;0;0;0;0;0;0;0;0;0;0;0;0;0;0;0;0;0;0;0;0;0;0;0;0;0;0;0;0;0;0;0;0;0;0;0;0;0;0
"L1A17";0;0;0;0;0;0;0;0;0;0;0;0;0;0;0;0;0;0;0;0;0;0;0;0;0;0;0;0;0;0;0;0;0;0;0;0;0;0;0;0;0;0;0;0;0;0;0;0;0;0
"L1F18";0;0;0;0;0;0;0;0;0;0;0;0;0;0;0;0;0;0;0;0;0;0;0;0;0;0;0;0;0;0;0;0;0;0;0;0;0;0;0;0;0;0;0;0;0;0;0;0;0;0
"L1A18";0;0;0;0;0;0;0;0;0;0;0;0;0;0;0;0;0;0;0;0;0;0;0;0;0;0;0;0;0;0;0;0;0;0;0;0;0;0;0;0;0;0;0;0;0;0;0;0;0;0
"L2A17";0;0;0;0;0;0;0;0;0;0;0;0;0;0;0;0;0;0;0;0;0;0;0;0;0;0;0;0;0;0;0;0;0;0;0;0;0;0;0;0;0;0;0;0;0;0;0;0;0;0
"L2F18";0;0;0;0;0;0;0;0;0;0;0;0;0;0;0;0;0;0;0;0;0;0;0;0;0;0;0;0;0;0;0;0;0;0;0;0;0;0;0;0;0;0;0;0;0;0;0;0;0;0
"L2A18";0;0;0;0;0;0;0;0;0;0;0;0;0;0;0;0;0;0;0;0;0;0;0;0;0;0;0;0;0;0;0;0;0;0;0;0;0;0;0;0;0;0;0;0;0;0;0;0;0;0
"L3A17";0;0;0;0;0;0;0;0;0;0;0;0;0;0;0;0;0;0;0;0;0;0;0;0;0;0;0;0;0;0;0;0;0;0;0;0;0;0;0;0;0;0;0;0;0;0;0;0;0;0
"L3F18";0;0;0;0;0;0;0;0;0;0;0;0;0;0;0;0;0;0;0;0;0;0;0;0;0;0;0;0;0;0;0;0;0;0;0;0;0;0;0;0;0;0;0;0;0;0;0;0;0;0
"L3A18";0;0;0;0;0;0;0;0;0;0;0;0;0;0;0;0;0;0;0;0;0;0;0;0;0;0;0;0;0;0;0;0;0;0;0;0;0;0;0;0;0;0;0;0;0;0;0;0;0;0
"L4A17";0;0;0;0;0;0;0;0;0;0;0;0;0;0;0;0;0;0;0;0;0;0;0;0;0;0;0;0;0;0;0;0;0;0;0;0;0;0;0;0;0;0;0;0;0;0;0;0;0;0
"L4F18";0;0;0;0;0;0;0;0;0;0;0;0;0;0;0;0;0;0;0;0;0;0;0;0;0;0;0;0;0;0;0;0;0;0;0;0;0;0;0;0;0;0;0;0;0;0;0;0;0;0
"L4A18";0;0;0;0;0;0;0;0;0;0;0;0;0;0;0;0;0;0;0;0;0;0;0;0;0;0;0;0;0;0;0;0;0;0;0;0;0;0;0;0;0;0;0;0;0;0;0;0;0;0
